ID,noise,X,Y_Z_1,Y_Z_0,S_inclusion_prob,Z,Z_cond_prob,Y,condition
0001,0.17198632318088486,0.8571306486852471,2.0698975453546935,1.029116971866132,0.8043136576905147,1,0.5,2.0698975453546935,Treatment
0005,1.0730377836767346,0.7577838188816174,2.600402325435159,1.830821602558352,0.7757097946076807,0,0.5,1.830821602558352,Control
0007,1.9209609654491064,0.8023364157056448,3.6096166212366914,2.7232973811547514,0.7888208085375182,1,0.5,3.6096166212366914,Treatment
0010,-0.48521840520600934,0.1494396411045819,-0.3658341719867859,-0.33577876410142743,0.5593966330893684,1,0.5,-0.3658341719867859,Treatment
0011,0.6402402926146924,0.7645344238775245,2.191533275140931,1.4047747164922169,0.7777255846396187,1,0.5,2.191533275140931,Treatment
0014,-0.22977976285695378,0.031213214192492383,-0.2122246262802548,-0.1985665486644614,0.5124502491759962,1,0.5,-0.2122246262802548,Treatment
0015,-0.0797461419162514,1.2294872370110734,3.5582752085355325,1.149741095094822,0.890555409903639,1,0.5,3.5582752085355325,Treatment
0016,-0.5116026231896927,1.7079445288519464,6.1765186685068745,1.1963419056622535,0.9561766821433869,0,0.5,1.1963419056622535,Control
0022,1.531073142237355,-0.10190511663733066,1.5008898895124254,1.4291680256000243,0.4594159943097169,1,0.5,1.5008898895124254,Treatment
0023,-1.7960787205460824,1.0208889343711458,0.7987941792823978,-0.7751897861749366,0.846346468805873,0,0.5,-0.7751897861749366,Control
0024,0.4412792607454186,0.06361888659520927,0.4811834295062515,0.5048981473406279,0.5253631535615985,1,0.5,0.4811834295062515,Treatment
0026,-0.9865465141335661,0.9362877002526848,1.234866651281699,-0.05025881388088127,0.825437460395525,0,0.5,-0.05025881388088127,Control
0027,-0.43121658215123065,1.3108507905465556,3.660868403275107,0.879634208395325,0.9050459104868003,0,0.5,0.879634208395325,Control
0029,1.6212295781355193,1.5589359157535803,7.261259914865217,3.1801654938890995,0.9404942257013894,0,0.5,3.1801654938890995,Control
0030,-0.4917663965765045,1.5553018842208375,5.123812447655689,1.063535487644333,0.940062905585622,0,0.5,1.063535487644333,Control
0031,-0.8264954534824626,0.918200656828646,1.3187897673329743,0.09170520334618348,0.8207430875659478,1,0.5,1.3187897673329743,Treatment
0032,-0.4945776942029853,0.9461218108142034,1.768776173000811,0.4515441166112181,0.8279567698114496,1,0.5,1.768776173000811,Treatment
0035,0.1721892389390373,-0.7123698460475654,0.8309459110309185,-0.5401806071085281,0.23811789146955234,1,0.5,0.8309459110309185,Treatment
0039,0.7995770756610999,0.2535252954526131,1.054889874256076,1.053102371113713,0.6000688417168386,0,0.5,1.053102371113713,Control
0040,-0.5488004617236238,-0.04100672165983515,-0.5659407201109671,-0.5898071833834589,0.4836452686307246,1,0.5,-0.5659407201109671,Treatment
0041,0.6807123685197457,1.0887512834655884,3.5958467247484713,1.7694636519853342,0.8618682100081563,0,0.5,1.7694636519853342,Control
0045,0.9002006358284916,0.8546747013819075,2.7884756768839507,1.7548753372103991,0.803634370134114,0,0.5,1.7548753372103991,Control
0047,-1.0985940860751255,2.678634612233734,14.590889991754874,1.5800405261586086,0.9963038494073339,0,0.5,1.5800405261586086,Control
0049,0.20452243918414728,0.6587018173560074,1.4016495162383649,0.8632242565401547,0.7449563671278474,1,0.5,1.4016495162383649,Treatment
0050,0.5031127092460208,0.0503454044907427,0.5333547309980652,0.5534581137367635,0.5200764289644788,0,0.5,0.5534581137367635,Control
0052,0.45282649440770417,1.318493792628992,4.588925153124566,1.771320287036696,0.9063307991757322,0,0.5,1.771320287036696,Control
0053,0.8506350366656744,1.2459657851687527,4.578479404872423,2.096600821834427,0.8936115216922965,0,0.5,2.096600821834427,Control
0054,-0.2824053443934191,0.8790786806418731,1.7026926494456303,0.596673336248454,0.8103206918470232,1,0.5,1.7026926494456303,Treatment
0056,1.0911467092447606,2.81735201501647,18.374767469787724,3.9084987242612304,0.9975789288498147,0,0.5,3.9084987242612304,Control
0057,0.2906959009825727,0.6583738394385635,1.4867950456160053,0.9490697404211362,0.7448510293930821,0,0.5,0.9490697404211362,Control
0059,-0.34241271777599686,0.21594230721066432,-0.14117940408373486,-0.12647041056533254,0.5854836406897287,0,0.5,-0.12647041056533254,Control
0062,-2.048765328159555,0.8097598176632386,-0.3324634947239331,-1.2390055104963165,0.7909608844815026,1,0.5,-0.3324634947239331,Treatment
0064,-0.18970413232797326,0.3351714049618355,0.20256131156112597,0.14546727263386225,0.6312521043764496,1,0.5,0.20256131156112597,Treatment
0065,-1.2094787115332903,0.3239641338356912,-0.8375911245916254,-0.8855145776975991,0.6270174059328169,1,0.5,-0.8375911245916254,Treatment
0066,-1.0521358822849114,0.09635815113370139,-0.9853870201382502,-0.95577773115121,0.5383819360162027,0,0.5,-0.95577773115121,Control
0067,-0.7275241445623575,0.8361644808804298,1.0889001740499349,0.10864033631807235,0.7984688113118134,0,0.5,0.10864033631807235,Control
0069,-0.18761483420817296,-0.4431445857860018,-0.01643287927827966,-0.6307594199941747,0.3288305787755206,0,0.5,-0.6307594199941747,Control
0070,1.462689213056713,0.5979804924754386,2.4768407980567684,2.0606697055321517,0.7250735252421068,0,0.5,2.0606697055321517,Control
0072,0.3398378633177298,-1.0794910742218116,2.1306942848559456,-0.7396532109040818,0.14018443533567368,0,0.5,-0.7396532109040818,Control
0077,-2.0171234043691375,0.44564130200323243,-1.3971104132652488,-1.5714821023659051,0.6720718144273163,0,0.5,-1.5714821023659051,Control
0080,0.2971694812121881,0.4766439590179904,0.9898703880578708,0.7738134402301785,0.6831921624258892,1,0.5,0.9898703880578708,Treatment
0082,-1.3309212767764598,-0.5434629637312701,-1.0119487727469432,-1.8743842405077298,0.2934055421469649,1,0.5,-1.0119487727469432,Treatment
0084,-0.051898710624558114,0.12135414371972876,0.03823201763120343,0.06945543309517065,0.5482947318126946,0,0.5,0.06945543309517065,Control
0085,0.18200187506621865,1.49381524663233,5.391877480524801,1.6758171216985487,0.932388042320585,1,0.5,5.391877480524801,Treatment
0087,-0.20729454611299974,0.4904187268604481,0.5189358726280697,0.28312418074744833,0.688081186123906,1,0.5,0.5189358726280697,Treatment
0088,0.4601194148300185,2.2800850171511944,11.99773729428034,2.740204431981213,0.988698676665435,0,0.5,2.740204431981213,Control
0092,1.9444445337686072,0.10209309554896186,2.0163370818606268,2.046537629317569,0.5406586093333638,0,0.5,2.046537629317569,Control
0093,0.1766078936379221,-0.029604427181446104,0.16355852426468212,0.147003466456476,0.48819126724119005,0,0.5,0.147003466456476,Control
0094,-0.48922060459956085,1.1050004137699554,2.505331431148962,0.6157798091703945,0.8654202950807355,0,0.5,0.6157798091703945,Control
0096,-0.49373603577237013,-0.24476835484711418,-0.4962971181268016,-0.7385043906194844,0.40331789892981545,1,0.5,-0.4962971181268016,Treatment
0097,-0.37592096030251115,0.22893442715803908,-0.15663180284713263,-0.14698653314447208,0.5905400589747861,1,0.5,-0.15663180284713263,Treatment
0098,-0.7438456098600139,1.1393019714144452,2.4218233399848916,0.3954563615544313,0.8727113867885017,0,0.5,0.3954563615544313,Control
0099,-0.28464899971450147,-1.449569079952579,3.193067495418342,-1.7342180796670805,0.07358936180908862,1,0.5,3.193067495418342,Treatment
0101,1.5051629926211343,-0.4438010352392358,1.6771811927603513,1.0613619573818984,0.32859321993715207,0,0.5,1.0613619573818984,Control
0103,-1.3351007895283857,-0.2869268903148663,-1.3139101539143003,-1.622027679843252,0.3870841501450626,1,0.5,-1.3139101539143003,Treatment
0104,-0.9209954703305029,0.4470617091617958,-0.29773627215227283,-0.4739337611687071,0.6725847475169444,0,0.5,-0.4739337611687071,Control
0106,-0.8616635330434307,-0.46290426342290864,-0.6645549505646738,-1.3245677964663394,0.3217164957032625,0,0.5,-1.3245677964663394,Control
0108,-0.8002241216700386,-0.026152029743777876,-0.8119322792224887,-0.8263761514138165,0.4895680387499893,1,0.5,-0.8119322792224887,Treatment
0111,-0.0955870284417793,-0.8799104714374169,1.0129426113299467,-0.9754974998791961,0.18945390579402763,1,0.5,1.0129426113299467,Treatment
0112,-0.039503777295920604,0.635741660861876,1.0867019718458504,0.5962378835659554,0.7375275911826294,0,0.5,0.5962378835659554,Control
0113,-0.20492659628336943,1.0949582906980553,2.740419865802472,0.8900316944146859,0.8632325450892122,1,0.5,2.740419865802472,Treatment
0115,-0.09217930707147365,0.4517547059507261,0.5418626746011435,0.35957539887925244,0.6742771484962926,1,0.5,0.5418626746011435,Treatment
0117,0.007188562773674731,-0.5746206382211665,0.3802559994024929,-0.5674320754474917,0.28277394555288093,0,0.5,-0.5674320754474917,Control
0118,-0.7696134527393599,-0.6344367575883536,-0.2818118327750899,-1.4040502103277135,0.2628979137198889,0,0.5,-1.4040502103277135,Control
0119,0.45446125605581145,0.7700686103376353,2.0255068904793028,1.2245298663934467,0.7793704025860941,1,0.5,2.0255068904793028,Treatment
0120,-0.31254879572939814,0.3619226655648453,0.13038856875215027,0.04937386983544717,0.6412950890794575,1,0.5,0.13038856875215027,Treatment
0121,-0.8870806603083783,-0.38601872871131976,-0.7820691068322312,-1.273099389019698,0.349741399149351,0,0.5,-1.273099389019698,Control
0124,-0.564192022984573,-0.42748647522110644,-0.41244588760119494,-0.9916784982056794,0.3345125169995856,0,0.5,-0.9916784982056794,Control
0125,0.6235541113339027,-0.5108130147782071,0.8900074760784008,0.11274109655569564,0.30474099748956995,1,0.5,0.8900074760784008,Treatment
0126,-1.016586627632575,-1.8666766564960398,5.019038523933872,-2.8832632841286148,0.03097337775307949,1,0.5,5.019038523933872,Treatment
0127,1.4174997976481591,-0.6907834308534317,2.026471578904719,0.7267163667947274,0.24485082480653758,0,0.5,0.7267163667947274,Control
0131,-1.352446272364639,1.5054247203881,3.9328732653405885,0.15297844802346083,0.9338925412424895,0,0.5,0.15297844802346083,Control
0133,0.41175060580479883,1.4160649530249108,5.13026298468814,1.8278155588297096,0.9216217559422903,1,0.5,5.13026298468814,Treatment
0137,0.19500226661890946,-0.5664833272288174,0.5535673230609637,-0.371481060609908,0.28553263189648215,0,0.5,-0.371481060609908,Control
0138,-0.41330863956315134,2.3116986825890518,11.43044229989929,1.8983900430259004,0.9896028529756732,0,0.5,1.8983900430259004,Control
0139,0.7713899327312309,0.773026344011604,2.3530425618089263,1.5444162767428349,0.7802466050328846,1,0.5,2.3530425618089263,Treatment
0140,-1.2346103608947057,0.30891643227305926,-0.8892934205015448,-0.9256939286216463,0.6213074516911691,1,0.5,-0.8892934205015448,Treatment
0143,-0.9460739578837011,0.18296403327885802,-0.787640266296938,-0.7631099246048431,0.5725868802596803,1,0.5,-0.787640266296938,Treatment
0146,0.30504623440740475,1.68205418878721,6.804685916834209,1.9871004231946148,0.953720833718294,1,0.5,6.804685916834209,Treatment
0147,0.775698056914052,0.48883462767047275,1.4980339571687478,1.2645326845845248,0.6875206097821978,1,0.5,1.4980339571687478,Treatment
0149,-0.7063776060331577,2.0057056948359775,8.342185909979774,1.2993280888028198,0.977556171366829,0,0.5,1.2993280888028198,Control
0153,1.0143071523513274,0.9472152852584346,3.28234838823498,1.961522437609762,0.8282354559677728,1,0.5,3.28234838823498,Treatment
0156,-0.5879923019952619,0.8555785159264758,1.3038261497978776,0.26758621393121396,0.8038845211724466,1,0.5,1.3038261497978776,Treatment
0160,-0.685166153920841,-0.491030944551438,-0.4484588491824053,-1.176197098472279,0.31170228066270556,1,0.5,-0.4484588491824053,Treatment
0162,-0.3231570972464558,-0.3781376434089164,-0.22624976422521637,-0.7012947406553722,0.35266417269424843,0,0.5,-0.7012947406553722,Control
0163,0.2380452583238077,0.5876996220211453,1.2226767607819746,0.8257448803449531,0.7216330353392678,1,0.5,1.2226767607819746,Treatment
0166,-1.0046082853293368,2.217952500849961,9.942994557148836,1.2133442155206242,0.9867209643781559,1,0.5,9.942994557148836,Treatment
0167,-0.8656780848774425,0.8656432763721693,1.0658201171653303,-3.4808505273153934e-05,0.8066570922399702,0,0.5,-3.4808505273153934e-05,Control
0170,-0.5027891087004718,0.265458778842252,-0.22912299275050646,-0.23733032985821978,0.6046719696285914,0,0.5,-0.23733032985821978,Control
0172,0.7263778848843371,0.2729214428297496,1.0118108342117564,0.9992993277140867,0.607543198481676,1,0.5,1.0118108342117564,Treatment
0173,0.8321503415774972,0.6259775530009891,1.928834911800204,1.4581278945784863,0.7343351676617179,1,0.5,1.928834911800204,Treatment
0174,-0.7884928485062505,1.0873811506112134,2.119993260208489,0.298888302104963,0.8615658010029553,0,0.5,0.298888302104963,Control
0176,-0.857631621878643,0.29134604929228397,-0.542193556356057,-0.5662855725863589,0.6146066640301586,1,0.5,-0.542193556356057,Treatment
0177,0.514254172949405,0.15546540995183258,0.640325865308304,0.6697195829012376,0.5617727893925746,0,0.5,0.6697195829012376,Control
0180,0.05371980487753184,0.3260293084219727,0.4293246789887378,0.37974911329950456,0.627798909661254,1,0.5,0.4293246789887378,Treatment
0186,0.3228527518775007,-0.3642840783307611,0.4061164921627043,-0.04143132645326042,0.3578229439700023,0,0.5,-0.04143132645326042,Control
0187,1.179158537626672,0.8207854673177308,2.9369288380055094,1.9999440049444028,0.7941157610497666,1,0.5,2.9369288380055094,Treatment
0190,-2.820704439695197,-0.529890326898766,-2.5240820860628177,-3.3505947665939626,0.2980939866239112,1,0.5,-2.5240820860628177,Treatment
0191,-0.6048424084117497,0.5876841040896346,0.37974485603234043,-0.01715830432211518,0.7216278264490099,0,0.5,-0.01715830432211518,Control
0194,0.7822772149431183,0.562966542431635,1.6976231419537955,1.3452437573747533,0.7132711665646254,0,0.5,1.3452437573747533,Control
0195,0.5753522065795241,1.024411659586977,3.1863965329685016,1.599763866166501,0.8471795614501634,1,0.5,3.1863965329685016,Treatment
0197,-0.6062639119317919,0.671879691598089,0.632520573831139,0.06561577966629717,0.7491698549631165,1,0.5,0.632520573831139,Treatment
0198,-0.9395732952308832,0.1855024597815174,-0.7779997401701375,-0.7540708354493658,0.5735825244386947,1,0.5,-0.7779997401701375,Treatment
0199,0.5647108668920195,0.7763487766780716,2.1583201013301316,1.341059643570091,0.7812284597969005,0,0.5,1.341059643570091,Control
0206,-1.8032506428120734,2.83581188450217,15.698313388006508,1.0325612416900964,0.9977145319697664,0,0.5,1.0325612416900964,Control
0208,-0.6743067139163843,-0.7136822649616229,-0.012463095755691489,-1.387988978878007,0.2377118377088365,1,0.5,-0.012463095755691489,Treatment
0211,-0.7595272518828073,0.3448131208857115,-0.34932851477006305,-0.41471413099709586,0.6348825658389936,0,0.5,-0.41471413099709586,Control
0212,-0.509673337552785,1.5436666399163976,5.027973372786976,1.0339933023636125,0.9386654440197543,0,0.5,1.0339933023636125,Control
0219,0.8092185893108714,0.12281992110643968,0.9007980159052754,0.9320385104173111,0.5488751505343569,1,0.5,0.9007980159052754,Treatment
0220,0.5181535253506164,-0.43470219018652556,0.6787344185632782,0.08345133516409087,0.33188930421470625,1,0.5,0.6787344185632782,Treatment
0222,0.8253869040132166,-0.5133848148819107,1.0958224328749286,0.3120020891313059,0.30384108279380184,1,0.5,1.0958224328749286,Treatment
0224,0.07856094130815792,-0.5556771847006423,0.41827661615150025,-0.4771162433924844,0.28921577809154575,0,0.5,-0.4771162433924844,Control
0229,-0.23930511262989143,0.1173070042523779,-0.15312974401036766,-0.12199810837751353,0.5466916126177109,1,0.5,-0.15312974401036766,Treatment
0231,-0.020941738361315854,0.5109848231391579,0.756761652165376,0.4900430847778421,0.6953191579750594,0,0.5,0.4900430847778421,Control
0232,-0.38002363062447475,1.9203140833722,7.955345768656851,1.5402904527477252,0.9725908807417516,1,0.5,7.955345768656851,Treatment
0238,0.8643630899796957,0.3219759915375608,1.232688164001667,1.1863390815172565,0.6262645586076845,1,0.5,1.232688164001667,Treatment
0240,0.020454918380219702,2.0392353390625364,9.357034124074483,2.0596902574427562,0.9792867272396264,1,0.5,9.357034124074483,Treatment
0245,0.13868011982110195,-0.0925430601156122,0.10953702571441948,0.04613705970548976,0.463133290479201,1,0.5,0.10953702571441948,Treatment
0246,-1.8620525414060956,0.1791011967725351,-1.7083474656491193,-1.6829513446335604,0.5710708788434669,0,0.5,-1.6829513446335604,Control
0247,-1.2308122099993053,0.6376933870109406,-0.0986598048188645,-0.5931188229883647,0.7381633544255166,1,0.5,-0.0986598048188645,Treatment
0249,-0.9710988754437966,0.5107855022235691,-0.1939024657684445,-0.4603133732202275,0.6952493690166824,1,0.5,-0.1939024657684445,Treatment
0256,-0.4765196525154802,1.09273981218448,2.4580108478427056,0.6162201596689998,0.8627459727814473,1,0.5,2.4580108478427056,Treatment
0258,1.429626175064419,0.9989961121175344,3.9251106951750847,2.4286222871819536,0.8411017126623624,1,0.5,3.9251106951750847,Treatment
0260,0.596792666869339,1.2064645593822096,4.111138412651062,1.8032572262515485,0.8861807918527782,1,0.5,4.111138412651062,Treatment
0266,0.6564541668262125,1.2241309568527257,4.265512844302915,1.8805851236789382,0.8895485851965099,0,0.5,1.8805851236789382,Control
0269,1.4320637250303387,-0.207033712079657,1.4142727848654748,1.2250300129506817,0.4179917651984864,1,0.5,1.4142727848654748,Treatment
0271,-0.11410553733176777,0.43642580068376496,0.4850423220150454,0.3223202633519972,0.6687360885434747,1,0.5,0.4850423220150454,Treatment
0272,0.002392082077041183,0.1706478851788695,0.14595742609851722,0.1730399672559107,0.567749678399624,0,0.5,0.1730399672559107,Control
0273,0.8598018015494336,1.6476060802547718,7.112816433061807,2.5074078818042054,0.9502832340377573,0,0.5,2.5074078818042054,Control
0277,0.874166123543472,0.7039041515649946,2.2170803085068393,1.5780702751084665,0.7592537670607018,0,0.5,1.5780702751084665,Control
0278,0.31902851212602484,0.99311166036394,2.7881258822096386,1.3121401724899648,0.8396722289201057,1,0.5,2.7881258822096386,Treatment
0279,-0.039414086918394764,1.0642329175488157,2.7578857774449412,1.024818830630421,0.8563884007714297,0,0.5,1.024818830630421,Control
0280,-0.40873386896875086,-1.1834035246765318,1.8004521731266605,-1.5921373936452827,0.1183246305458429,1,0.5,1.8004521731266605,Treatment
0281,-1.6250754563881797,-1.2798163304432526,1.0108760577286595,-2.904891786831432,0.10030486957069669,1,0.5,1.0108760577286595,Treatment
0282,-1.5722574247087706,1.2986518218299377,2.45006159489063,-0.27360560287883295,0.9029682775113359,1,0.5,2.45006159489063,Treatment
0283,1.5805684420827535,-0.0018570833102834127,1.5796467979444544,1.5787113587724702,0.49925913137514627,0,0.5,1.5787113587724702,Control
0286,0.21509260367244262,-0.05641875442307995,0.19324937816220625,0.15867384924936268,0.4775041084405132,1,0.5,0.19324937816220625,Treatment
0287,0.8118505080690688,0.9762952968463169,3.2063031697807034,1.7881458049153856,0.8355409250265278,0,0.5,1.7881458049153856,Control
0289,-1.7512403544209914,-0.3143533944653986,-1.7107809384298536,-2.06559374888639,0.37662632453077827,0,0.5,-2.06559374888639,Control
0293,-0.49913024810566453,-0.3766261011477838,-0.40374885854799514,-0.8757563492534484,0.35322574392266765,1,0.5,-0.40374885854799514,Treatment
0295,-0.5480742862643438,0.17065083680005277,-0.40450545166320095,-0.37742344946429107,0.5677508389048357,0,0.5,-0.37742344946429107,Control
0297,0.6819921269480921,1.4741057632925703,5.76502061133912,2.1560978902406625,0.9297734414854328,1,0.5,5.76502061133912,Treatment
0298,-2.0030694938804774,-1.4305882524991806,1.374801876247251,-3.433657746379658,0.07627412812694978,0,0.5,-3.433657746379658,Control
0299,-1.7518891884593208,0.5732990216057179,-0.8078961413083151,-1.178590166853603,0.7167788761233239,0,0.5,-1.178590166853603,Control
0300,0.23764861305203844,1.3277136373284721,4.427152437212278,1.5653622503805105,0.9078636366843562,1,0.5,4.427152437212278,Treatment
0302,2.249881177272371,1.1050684559655446,5.244767989995289,3.3549496332379154,0.8654350361724948,0,0.5,3.3549496332379154,Control
0303,0.7080651342109352,-0.10558388902532866,0.6775691049416968,0.6024812451856065,0.4579562539934207,0,0.5,0.6024812451856065,Control
0305,-1.732901154052212,0.09516531944372242,-1.6672056182806991,-1.6377358346084896,0.5379082419971148,0,0.5,-1.6377358346084896,Control
0307,2.217954814454348,-0.11383920116880035,2.186953941315449,2.104115613285548,0.4546826312668302,0,0.5,2.104115613285548,Control
0308,0.022356926109487255,1.8872842933162306,8.08968308036389,1.909641219425718,0.9704389510638041,0,0.5,1.909641219425718,Control
0309,0.18987673749813147,0.7186163848993561,1.5820039472394485,0.9084931223974876,0.7638113424684088,1,0.5,1.5820039472394485,Treatment
0310,-1.1635247827181303,1.4095921150034587,3.5151711361434472,0.2460673322853284,0.9206699216975758,1,0.5,3.5151711361434472,Treatment
0313,0.24548424111528577,-0.691788861865921,0.8567334689858179,-0.44630462075063526,0.24453496616599896,1,0.5,0.8567334689858179,Treatment
0314,-0.7550639192431138,0.3522206644475236,-0.33083479409164196,-0.4028432547955902,0.6376636096454068,1,0.5,-0.33083479409164196,Treatment
0315,0.16711023001094097,-0.6315347988296743,0.6490152348617783,-0.4644245688187334,0.26384545166217904,1,0.5,0.6490152348617783,Treatment
0317,0.13056837755034587,0.4869733203667605,0.8483410672317813,0.6175416979171063,0.6868613810367858,1,0.5,0.8483410672317813,Treatment
0318,0.45904948675185975,-0.6562731121814762,0.9923017262058426,-0.19722362542961647,0.25582420721713106,1,0.5,0.9923017262058426,Treatment
0320,-0.9068786917667452,-0.17301272221661973,-0.9335182487774446,-1.0798914139833649,0.43132071377249526,0,0.5,-1.0798914139833649,Control
0323,-1.0370789500116355,0.17614434540407659,-0.8869531164739359,-0.860934604607559,0.5699097285281427,0,0.5,-0.860934604607559,Control
0326,1.8112358701300502,0.970422021708789,4.179884681419191,2.7816578918388393,0.8340819118878734,0,0.5,2.7816578918388393,Control
0328,-0.3936284674925139,1.000573506201208,2.108952968231648,0.6069450387086941,0.8414834779863493,1,0.5,2.108952968231648,Treatment
0330,-0.1802774214367734,-1.1259510887042057,1.7922787425194961,-1.3062285101409792,0.13009311145141703,0,0.5,-1.3062285101409792,Control
0331,-0.9053230386021827,-0.12359538728939705,-0.9365690927284491,-1.0289184258915798,0.45081782244648594,1,0.5,-0.9365690927284491,Treatment
0332,-0.025073815578014802,1.0510725309785733,2.70996938066668,1.0259987154005585,0.8533873605159905,0,0.5,1.0259987154005585,Control
0333,0.8699073909333747,0.5343432756163361,1.7081245011343342,1.4042506665497108,0.7034479716874458,0,0.5,1.4042506665497108,Control
0336,0.1859901038590366,1.79094227279122,7.496409689195809,1.9769323766502567,0.9633487204415755,0,0.5,1.9769323766502567,Control
0338,0.7361164524420899,-0.331869743749021,0.7904566341996612,0.4042467086930689,0.3699938088995124,0,0.5,0.4042467086930689,Control
0343,0.7702145932586526,0.8336950862632038,2.577157130109076,1.6039096795218564,0.7977735861107189,0,0.5,1.6039096795218564,Control
0344,-0.7836820188189608,0.16480334055307277,-0.6469600664275202,-0.618878678265888,0.5654506126915954,0,0.5,-0.618878678265888,Control
0346,1.0463392676433416,1.6802673164837476,7.533069435572205,2.7266065841270892,0.9535473414516638,1,0.5,7.533069435572205,Treatment
0353,1.3778354998063045,-0.8399763780766768,2.368967942221591,0.5378591217296277,0.20046081558615408,0,0.5,0.5378591217296277,Control
0354,0.27040714536311206,0.9534583593133306,2.565302010908714,1.2238655046764426,0.8298210576882797,0,0.5,1.2238655046764426,Control
0355,-2.09825774131069,1.578296208634256,3.6729282073849725,-0.519961532676434,0.9427512117377342,0,0.5,-0.519961532676434,Control
0357,0.6242406816809634,0.38446226050207843,1.1120942714327386,1.0087029421830418,0.6496820688615403,1,0.5,1.1120942714327386,Treatment
0358,1.0775882135585613,1.0587153563170935,3.848702303120368,2.136303569875655,0.8551352839403243,1,0.5,3.848702303120368,Treatment
0359,1.1968459896589698,-0.4301277067524938,1.3518018245150416,0.766718282906476,0.3335513731881583,0,0.5,0.766718282906476,Control
0360,0.389487539911953,-0.043419526558651264,0.3715482872057822,0.34606801335330173,0.482683556217815,1,0.5,0.3715482872057822,Treatment
0363,-0.5138984029862419,0.9226395902054184,1.6499490189453123,0.4087411872191765,0.8219024715972241,1,0.5,1.6499490189453123,Treatment
0365,-0.027328776095685833,1.2556312887844232,3.753706735045389,1.2283025126887375,0.895375159112815,0,0.5,1.2283025126887375,Control
0370,1.0683737640268547,-0.2716353176011878,1.0801275967628572,0.7967384464256668,0.39295122031432705,0,0.5,0.7967384464256668,Control
0372,-0.5742801821296347,0.0921680579933815,-0.5112062513044013,-0.4821121241362532,0.5367177419894816,1,0.5,-0.5112062513044013,Treatment
0373,2.2436888424174235,2.5082339639081455,16.080281059776233,4.7519228063255685,0.9939331851194108,0,0.5,4.7519228063255685,Control
0374,-0.6061140015595221,0.7919370414673694,1.0441830744703426,0.18582303990784732,0.7858013063570642,0,0.5,0.18582303990784732,Control
0375,-0.6508607065427141,1.352709003256728,3.6851370900692704,0.7018482967140138,0.9119256934780426,0,0.5,0.7018482967140138,Control
0380,-0.3757356939026917,0.8989751426359786,1.6900644915700533,0.5232394487332869,0.8156670494694109,0,0.5,0.5232394487332869,Control
0381,0.5358955896052278,0.6320596737033564,1.6509242887008926,1.1679552633085841,0.7363260576364183,1,0.5,1.6509242887008926,Treatment
0383,-1.7208898164521769,1.6972574154429483,4.8891043598214505,-0.023632401009228587,0.9551759977799305,1,0.5,4.8891043598214505,Treatment
0384,0.4582044990933226,-0.47378208786681436,0.670252388726791,-0.015577588773491746,0.31782765452710393,0,0.5,-0.015577588773491746,Control
0387,0.23449153840427062,2.213985082283118,11.1449439686902,2.448476620687389,0.9865850974257122,0,0.5,2.448476620687389,Control
0388,-0.32134492960176925,-0.6454972764703996,0.18923990002443797,-0.9668422060721689,0.25930249133754446,0,0.5,-0.9668422060721689,Control
0389,0.3631495005389858,0.4269138896075756,0.941117383622512,0.7900633901465615,0.6652789757686761,0,0.5,0.7900633901465615,Control
0390,-0.3659737394954961,-0.09614206897486902,-0.39555817912939367,-0.46211580847036515,0.46170386991422885,1,0.5,-0.39555817912939367,Treatment
0392,1.0017459878736805,0.8005015245968381,2.6836021319358236,1.8022475124705186,0.7882898597075285,0,0.5,1.8022475124705186,Control
0393,1.3661577395405098,-0.49008826647059495,1.601486624169518,0.8760694730699148,0.3120357203235774,0,0.5,0.8760694730699148,Control
0395,-0.883142748225186,-0.22436522553288607,-0.8946458521347834,-1.107507973758072,0.4112365634725028,1,0.5,-0.8946458521347834,Treatment
0397,-0.7419431719877727,1.6672694361705125,5.651266291674161,0.9253262641827398,0.9522695793999549,0,0.5,0.9253262641827398,Control
0398,-0.8217828852168594,0.4608509813094469,-0.1665901406143755,-0.3609319039074125,0.6775472388740355,1,0.5,-0.1665901406143755,Treatment
0399,1.2964345557896533,-0.7764631227655875,2.1139929564366353,0.5199714330240658,0.21873779331960705,1,0.5,2.1139929564366353,Treatment
0403,-1.7673881166695415,0.3970868090720381,-1.2534888442554961,-1.3703013075975035,0.6543482765762194,0,0.5,-1.3703013075975035,Control
0406,-0.07597230712275219,1.1025550868210694,2.906560675237814,1.0265827796983171,0.8648897881754329,1,0.5,2.906560675237814,Treatment
0407,-0.3682770892014331,1.508642724811532,4.93805001545786,1.1403656356100988,0.9343049452200016,1,0.5,4.93805001545786,Treatment
0411,1.0637925963232155,-0.2731924909657653,1.0764646250804923,0.7906001053574503,0.3923526259284992,0,0.5,0.7906001053574503,Control
0413,0.11574508337910877,0.8271818523436517,1.8977956432442842,0.9429269357227605,0.7959330019732682,1,0.5,1.8977956432442842,Treatment
0415,0.44477428264998126,-0.3162096165959926,0.4866465176075543,0.12856466605398864,0.37592170448719786,1,0.5,0.4866465176075543,Treatment
0418,0.7077481595534386,0.22633717186056856,0.923373776215404,0.9340853314140072,0.5895304052712335,0,0.5,0.9340853314140072,Control
0419,-0.5135153484079665,0.4020879996425933,0.010878170326494296,-0.11142734876537325,0.6561903679500518,0,0.5,-0.11142734876537325,Control
0420,0.19002634947831673,0.44307917528800494,0.8042042482701165,0.6331055247663216,0.6711457663272923,0,0.5,0.6331055247663216,Control
0425,-0.19257747264667507,1.0055000261283362,2.3322331455056626,0.8129225534816611,0.8426719315521412,1,0.5,2.3322331455056626,Treatment
0426,1.0377880932623598,-0.38623921636909164,1.143029949600634,0.6515488768932681,0.3496597562057751,1,0.5,1.143029949600634,Treatment
0427,0.8637890948516456,-0.5307837715747233,1.1618600333984601,0.3330053232769222,0.29778431354268603,1,0.5,1.1618600333984601,Treatment
0428,2.035578124245928,0.5280016340928801,2.8571503925018713,2.563579758338808,0.7012508991140566,0,0.5,2.563579758338808,Control
0429,0.2177812166775773,0.8864338938484826,2.2325282599285843,1.1042151105260598,0.8123081191295987,0,0.5,1.1042151105260598,Control
0430,-1.4744787083545192,1.538149145401797,4.026401451346937,0.06367043704727782,0.9379939240280304,1,0.5,4.026401451346937,Treatment
0431,0.3556931814089725,0.0024299778863029206,0.3569199799371798,0.35812315929527544,0.5009694199652494,1,0.5,0.3569199799371798,Treatment
0432,-1.2188872438372773,-0.280054566822515,-1.2020534064522417,-1.4989418106597923,0.3897178204276611,1,0.5,-1.2020534064522417,Treatment
0434,0.040559135441119644,-0.4409131020510406,0.20891131153614204,-0.40035396660992095,0.32963795401876683,0,0.5,-0.40035396660992095,Control
0435,-1.1945035265413844,-0.11599075726297838,-1.2255911936319952,-1.3104942838043627,0.45382993349360934,1,0.5,-1.2255911936319952,Treatment
0436,0.40216232643913685,-1.3147062049040295,3.201714034413434,-0.9125438784648926,0.09430433021183196,0,0.5,-0.9125438784648926,Control
0439,-0.9531383881054785,-0.09793091607718618,-0.9829229174966377,-1.0510693041826646,0.4609935752466552,1,0.5,-0.9829229174966377,Treatment
0441,0.4326927186691428,1.6473215512191952,6.683690080501171,2.080014269888338,0.9502540147723155,0,0.5,2.080014269888338,Control
0442,-0.3113935245321904,1.9743822497841423,8.472168136885264,1.662988725251952,0.9758308525889825,0,0.5,1.662988725251952,Control
0444,-0.19392113487968765,0.131099204189658,-0.09399753010653536,-0.06282193069002964,0.5521515846526474,0,0.5,-0.06282193069002964,Control
0445,0.10961429920112174,0.5641314914694009,1.0281687242708035,0.6737457906705226,0.7136676761840367,0,0.5,0.6737457906705226,Control
0447,0.6557678107648697,0.14354792199815203,0.7687537835839208,0.7993157327630217,0.5570712665889319,0,0.5,0.7993157327630217,Control
0448,-0.003244456118419191,0.8913920820549006,2.0316112728093727,0.8881476259364814,0.8136405679862553,0,0.5,0.8881476259364814,Control
0450,0.8778911919607532,0.14074179082972202,0.9878785907475286,1.0186329827904752,0.5559630353216712,0,0.5,1.0186329827904752,Control
0454,-0.2711817052124285,-0.8046855064472836,0.6215130701365723,-1.075867211659712,0.21050059267412397,1,0.5,0.6215130701365723,Treatment
0457,-1.0838174714422402,2.2952102903610894,10.599768227697178,1.2113928189188492,0.9891394621252716,0,0.5,1.2113928189188492,Control
0458,0.07311136896169017,1.6532705861169021,6.366353923858791,1.7263819550785924,0.9508620967681595,0,0.5,1.7263819550785924,Control
0466,0.18023292324112514,1.2375704977653055,3.8621796460019095,1.4178034210064305,0.8920623203658405,0,0.5,1.4178034210064305,Control
0467,-0.6836713979008209,1.707518491253894,6.0013266436740755,1.0238470933530732,0.9561371380781083,0,0.5,1.0238470933530732,Control
0470,-1.1813027296146201,0.2193737893011939,-0.9753661160992939,-0.9619289403134262,0.5868205570663649,1,0.5,-0.9753661160992939,Treatment
0471,-0.07121714344272823,1.3625843046433213,4.3233469833995795,1.291367161200593,0.9134932209275741,0,0.5,1.291367161200593,Control
0475,1.7757838378790192,0.5044885065945904,2.5370453977483947,2.2802723444736097,0.6930409316056445,0,0.5,2.2802723444736097,Control
0477,0.8124978160460444,0.5000562866320655,1.5626385389625779,1.31255410267811,0.6914822775666638,0,0.5,1.31255410267811,Control
0478,-0.7111143578363698,0.3413283412332287,-0.3074401141617006,-0.3697860166031411,0.6335717927965376,1,0.5,-0.3074401141617006,Treatment
0480,0.894948818258681,0.8559664527152359,2.788289180964107,1.7509152709739169,0.8039918321126475,0,0.5,1.7509152709739169,Control
0482,0.9280976898161194,-0.5374522446325066,1.2370813980209057,0.39064544518361277,0.2954776317785467,1,0.5,1.2370813980209057,Treatment
0487,1.7101598772099769,0.9174827625924536,3.8524504978147647,2.6276426398024304,0.8205551392488063,1,0.5,3.8524504978147647,Treatment
0490,-1.4132645381324385,1.3507884180393699,2.9113883715058537,-0.06247612009306858,0.9116183903879057,1,0.5,2.9113883715058537,Treatment
0493,-1.2127624056969706,-0.3876698749353505,-1.1060214792998653,-1.600432280632321,0.3491301759952099,0,0.5,-1.600432280632321,Control
0498,-0.6736966138798091,0.28136659179198775,-0.374679000030537,-0.3923300220878213,0.6107853803178812,1,0.5,-0.374679000030537,Treatment
0500,0.6036276907438841,0.45333175167373085,1.2413129207318958,1.056959442417615,0.6748450637904653,1,0.5,1.2413129207318958,Treatment
0504,1.5620783341850681,-0.09097544228717099,1.5331436752401755,1.4711028918978972,0.4637560521685607,1,0.5,1.5331436752401755,Treatment
0505,0.26158831596680243,-0.8373076374141766,1.2451026566039345,-0.5757193214473741,0.2012098336858083,1,0.5,1.2451026566039345,Treatment
0507,0.4464146876166564,-0.1559712712263051,0.41708312689940313,0.2904434163903513,0.4380278331446043,1,0.5,0.41708312689940313,Treatment
0509,-0.09310488441192648,0.25710554944725866,0.16765441742485637,0.16400066503533217,0.601451353159499,1,0.5,0.16765441742485637,Treatment
0510,-2.6423301956000813,0.4153451566415643,-2.089634418988088,-2.226985038958517,0.6610553756771885,0,0.5,-2.226985038958517,Control
0513,-1.9494129184397353,-0.5119236015349814,-1.6812431715901333,-2.461336519974717,0.30435223973144065,1,0.5,-1.6812431715901333,Treatment
0514,-0.21236961248894154,-0.04787237994768921,-0.23172227293907433,-0.26024199243663076,0.4809089758765102,0,0.5,-0.26024199243663076,Control
0517,-1.0203177468258855,0.4985861902112642,-0.27384827358148756,-0.5217315566146212,0.6909645320610479,1,0.5,-0.27384827358148756,Treatment
0521,-0.2856514540318648,1.3874600905304306,4.258169596862771,1.1018086364985658,0.9173492437086255,1,0.5,4.258169596862771,Treatment
0522,-0.17671011136472764,2.328528454133767,11.831643639123337,2.1518183427690394,0.9900579699258434,0,0.5,2.1518183427690394,Control
0523,0.05847033875436186,0.9559480317013157,2.364117633232259,1.0144183704556775,0.8304507546924194,1,0.5,2.364117633232259,Treatment
0524,1.49882813899043,-0.04563935609631584,1.480174362592045,1.4531887828941144,0.48179885010548595,0,0.5,1.4531887828941144,Control
0526,-0.024436796937289836,0.795890738728021,1.6403927084127905,0.7714539417907311,0.7869522276547146,1,0.5,1.6403927084127905,Treatment
0527,1.859212657329497,1.183763253966381,5.253685167194837,3.042975911295878,0.8817466040377531,0,0.5,3.042975911295878,Control
0528,-0.4407510259870692,-0.66736388498463906,0.11631614148419239,-1.1081149109717083,0.2522698643185028,0,0.5,-1.1081149109717083,Control
0530,0.3031783337089181,0.3508753852570006,0.7248430982959156,0.6540537189659188,0.6371590806857123,0,0.5,0.6540537189659188,Control
0531,0.4608846382647656,0.011044466191565499,0.46665083182746164,0.47192910445633113,0.5044060149536421,0,0.5,0.47192910445633113,Control
0532,0.10428051852972753,1.4127833966212124,4.802586068377474,1.51706391515094,0.9211402892062865,0,0.5,1.51706391515094,Control
0533,1.1198513481494894,0.1326654356013999,1.2213843015568078,1.2525167837508893,0.5527710102119784,1,0.5,1.2213843015568078,Treatment
0534,-0.21534198563939982,0.3407625990080721,0.18727761163010853,0.12542061336867227,0.6333588456512893,0,0.5,0.12542061336867227,Control
0535,-0.17718722796803427,0.455483310804418,0.46548452027688286,0.27829608283638374,0.6756192142500203,0,0.5,0.27829608283638374,Control
0538,-1.244438739216416,0.22900426960337894,-1.0250506934215724,-1.015434469613037,0.5905672011801452,0,0.5,-1.015434469613037,Control
0539,-0.6671326215725564,1.2825277604162195,3.2638861711120413,0.6153951388436631,0.9001712134243086,0,0.5,0.6153951388436631,Control
0543,-0.5852604831808056,1.3687858259673458,3.8462817045410853,0.7835253427865402,0.9144668836083726,1,0.5,3.8462817045410853,Treatment
0548,0.9413029973598986,1.2708579600131298,4.806891886423931,2.2121609573730283,0.8981104076593892,0,0.5,2.2121609573730283,Control
0553,-0.1736158711963337,1.8955864464698993,7.960673304119378,1.7219705752735655,0.9709926245656564,1,0.5,7.960673304119378,Treatment
0555,2.025532970856901,0.12320822675835115,2.1174976185179513,2.1487411976152524,0.5490288944021432,1,0.5,2.1174976185179513,Treatment
0556,0.039198446798117834,0.8190324687806948,1.790343051022465,0.8582309155788126,0.7936160554536409,1,0.5,1.790343051022465,Treatment
0557,1.712976671602249,0.43933266718371056,2.31866939010361,2.1523093387859595,0.669789746383375,0,0.5,2.1523093387859595,Control
0558,0.8336401763978295,1.0417827691651969,3.5251542372394398,1.8754229455630265,0.8512437977074813,1,0.5,3.5251542372394398,Treatment
0560,-1.0142644094291484,0.330891042628182,-0.6298411239319268,-0.6833733668009665,0.6296366059157292,0,0.5,-0.6833733668009665,Control
0564,1.988770915502988,-0.43047463630015814,2.1441504223484156,1.5582962792028299,0.33342520653965246,0,0.5,1.5582962792028299,Control
0565,0.15549444632037318,0.05017864085344702,0.18561955874289512,0.2056730871738202,0.5200099838809754,1,0.5,0.18561955874289512,Treatment
0566,1.860675780585688,-0.9501881265673249,3.191296669041071,0.9104876540183631,0.17100833532130794,0,0.5,0.9104876540183631,Control
0568,1.9885835161732106,-0.5267844387473225,2.2801949866122126,1.461799077425888,0.2991716451925151,0,0.5,1.461799077425888,Control
0570,-1.6827126123312832,0.8114213685546942,0.03980734664040941,-0.8712912437765891,0.7914381340648984,0,0.5,-0.8712912437765891,Control
0573,-0.8609089315179095,0.4425543967899654,-0.24792294488666655,-0.4183545347279441,0.6709559618700787,1,0.5,-0.24792294488666655,Treatment
0575,0.48593791646082035,-0.6637406740582386,1.0351709442302708,-0.1778027575974182,0.2534281509514392,0,0.5,-0.1778027575974182,Control
0576,1.4764308780032118,0.9037080999653058,3.5616615878716713,2.3801389779685174,0.8169248985305504,1,0.5,3.5616615878716713,Treatment
0577,0.32294708520762566,1.3480003110712624,4.631156918039697,1.670947396278888,0.9111708587226337,0,0.5,1.670947396278888,Control
0582,-1.2013903269558743,-0.49939102652536466,-0.9523030454704418,-1.700781353481239,0.30875196980212527,1,0.5,-0.9523030454704418,Treatment
0584,-1.9401956900781256,2.0429656604641435,7.4287045198253345,0.10276997038601787,0.9794720812104996,1,0.5,7.4287045198253345,Treatment
0586,-0.7736324857018186,1.670492520996239,5.6427043002050405,0.8968600352944203,0.9525890210344511,0,0.5,0.8968600352944203,Control
0594,-0.8860004616866566,0.890186053577459,1.1439549850696942,0.004185591890802365,0.8133170040081885,0,0.5,0.004185591890802365,Control
0596,-0.12724936295966904,0.48743585823133684,0.5916559979354391,0.3601864952716678,0.6870252563292951,1,0.5,0.5916559979354391,Treatment
0597,0.4707393234684683,0.28584976613795454,0.7770843841396922,0.7565890896064229,0.6125034051061157,0,0.5,0.7565890896064229,Control
0598,0.7615196583613407,-0.8550801140982608,1.7963036043648,-0.09356045573692007,0.19625339885157586,0,0.5,-0.09356045573692007,Control
0599,-1.008429294386974,-0.07804160989300293,-1.0352691135840921,-1.086470904279977,0.46889747699854095,0,0.5,-1.086470904279977,Control
0600,-0.6953150213336214,1.2680441545703842,3.1545790118318116,0.5727291332367628,0.8976089085801713,1,0.5,3.1545790118318116,Treatment
0602,1.0490504068291358,0.39770132263968566,1.5642337522076892,1.4467517294688215,0.6545748188212221,1,0.5,1.5642337522076892,Treatment
0603,-1.3642737058659218,0.16843917092352548,-1.2233106118013497,-1.1958345349423962,0.5668811028194354,1,0.5,-1.2233106118013497,Treatment
0605,-0.06963190516944802,0.2183336782828207,0.1348741241169748,0.14870177311337268,0.5864154320587109,1,0.5,0.1348741241169748,Treatment
0610,1.6081086536734108,0.02834524077482625,1.6238881794099898,1.636453894448237,0.5113066009198417,1,0.5,1.6238881794099898,Treatment
0611,-0.13506049147439414,-0.1766230613783613,-0.16098061054224602,-0.31168355285275545,0.4299022392543041,1,0.5,-0.16098061054224602,Treatment
0616,0.235981962392174,0.47161037591823696,0.916619843698774,0.707592338310411,0.6813975403818746,0,0.5,0.707592338310411,Control
0618,-0.024355593069566046,0.8258012917589387,1.7524405997513668,0.8014456986893727,0.7955415893919817,0,0.5,0.8014456986893727,Control
0620,0.7420174884487398,-0.40724389720860715,0.8700907234717454,0.3347735912401327,0.34191443182309156,1,0.5,0.8700907234717454,Treatment
0621,-0.5300721150725026,1.0030302680042156,1.983582455994822,0.47295815293171295,0.8420768712636953,1,0.5,1.983582455994822,Treatment
0629,-1.1569851036018266,0.8242143608905496,0.6137807022398822,-0.33277074271127705,0.7950911157193903,1,0.5,0.6137807022398822,Treatment
0630,-0.8726283873488783,0.3172750632569168,-0.5126639241910588,-0.5553533240919615,0.6244825513586965,1,0.5,-0.5126639241910588,Treatment
0632,-0.2909552320448067,0.4813253264094384,0.4130555708462174,0.1903700943646317,0.6848573501496742,0,0.5,0.1903700943646317,Control
0634,0.04873546642989473,0.26894015250401304,0.32786315393966486,0.3176756189339078,0.6060121311792855,1,0.5,0.32786315393966486,Treatment
0635,-1.5479774055686673,0.02151817790899336,-1.5362922526531244,-1.5264592276596738,0.5085838485272554,1,0.5,-1.5362922526531244,Treatment
0636,0.7276133872710249,0.13974143402055056,0.8365394410455399,0.8673548212915754,0.5555678560178996,0,0.5,0.8673548212915754,Control
0640,-1.841056849153039,-0.32614632022149526,-1.7913871648757425,-2.167203169374534,0.37215682643127107,0,0.5,-2.167203169374534,Control
0641,1.3163940403834564,0.37435957579331874,1.7838640122564229,1.690753616176775,0.6459315930868822,1,0.5,1.7838640122564229,Treatment
0643,0.6100918221121742,0.1597162421245692,0.7409684991712469,0.7698080642367433,0.56344769710632,0,0.5,0.7698080642367433,Control
0644,0.8956155155481254,-0.030709615656301217,0.8821468687074903,0.8649058998918241,0.4877505612978624,1,0.5,0.8821468687074903,Treatment
0648,-0.47095818169393655,1.9161249687327224,7.830174094274377,1.4451667870387859,0.9723254045831936,0,0.5,1.4451667870387859,Control
0651,0.11619400933044072,0.30501337571009884,0.45476701590963,0.42120738504053956,0.6198220174526959,1,0.5,0.45476701590963,Treatment
0652,-0.6699142679366336,1.2710112006425776,3.196530276702428,0.601096932705944,0.8981376680169013,1,0.5,3.196530276702428,Treatment
0656,-0.4246851617457078,-0.5970230527729466,-0.01032363704752387,-1.0217082145186545,0.27524599480058015,1,0.5,-0.01032363704752387,Treatment
0657,1.4577510283745019,1.1414795898532786,4.634442131404359,2.5992306182277805,0.8731647996295069,0,0.5,2.5992306182277805,Control
0658,0.18652315494300006,1.5557907070229229,5.805387956572234,1.7423138619659229,0.9401210656766235,1,0.5,5.805387956572234,Treatment
0659,-1.2722840410032663,0.9078070623366862,0.8298468150218048,-0.36447697866658013,0.8180099167778996,0,0.5,-0.36447697866658013,Control
0662,0.8511091999051261,1.6210357487498372,6.917140871729936,2.4721449486549636,0.9474950139557761,1,0.5,6.917140871729936,Treatment
0665,0.3724752316886213,-0.778134541887484,1.1943946913017685,-0.4056593101988627,0.21824485058934248,1,0.5,1.1943946913017685,Treatment
0667,0.6564868655542934,0.11086114505420713,0.7364978250468568,0.7673480106085004,0.544136771313329,1,0.5,0.7364978250468568,Treatment
0670,-1.6686251335010729,1.1800626690122848,1.7065020065978644,-0.48856246448878804,0.881012354639275,0,0.5,-0.48856246448878804,Control
0671,0.33729891667666434,0.3355495771110703,0.7302607426310357,0.6728484937877346,0.6313947235057051,1,0.5,0.7302607426310357,Treatment
0673,2.0678481248316265,-0.8427127048596661,3.0668211782655828,1.2251354199719604,0.1996945699694656,0,0.5,1.2251354199719604,Control
0674,0.6202691406835177,-0.21786822375143616,0.6062681546490113,0.4024009169320815,0.4137658930971448,1,0.5,0.6062681546490113,Treatment
0675,1.2519938257009628,1.4252792101719622,6.027475084683768,2.677273035872925,0.9229617463584949,1,0.5,6.027475084683768,Treatment
0677,-0.48801265939934535,0.017704737131190623,-0.4785333753999809,-0.4703079222681547,0.5070627992216111,1,0.5,-0.4785333753999809,Treatment
0678,-0.8408304132922897,0.39009458742956615,-0.34143554529381975,-0.45073582586272354,0.6517666974821825,1,0.5,-0.34143554529381975,Treatment
0679,-0.3099419565499966,1.3549333508185024,4.039213489179764,1.0449913942685058,0.9122806036319032,1,0.5,4.039213489179764,Treatment
0682,0.23466809659798463,0.851315805746047,2.109803201697091,1.0859839023440316,0.8027030264113085,1,0.5,2.109803201697091,Treatment
0686,-0.17334171907881005,1.4971325034336118,5.058035998312783,1.3237907843548018,0.932820608112117,0,0.5,1.3237907843548018,Control
0688,1.2165837089130496,0.5552132178760173,2.110713752459542,1.771796926789067,0.710625585502945,0,0.5,1.771796926789067,Control
0692,-0.8085297356296495,1.0392701392153496,1.8712701785074095,0.23074040358570014,0.8506604408468331,1,0.5,1.8712701785074095,Treatment
0693,0.04130135906474364,0.1810254123892145,0.19735446512072125,0.22232677145395813,0.5718261853324298,0,0.5,0.22232677145395813,Control
0695,0.0932810168171994,0.5912101693388211,1.0879450301458848,0.6844911861560204,0.722810195095728,0,0.5,0.6844911861560204,Control
0697,-0.704821294718952,0.2545233821595371,-0.4479952995073239,-0.4502979125594149,0.6004543788059713,1,0.5,-0.4479952995073239,Treatment
0702,0.4319765522844553,0.28433961375274824,0.7358443910589536,0.7163161660372035,0.6119249345025309,0,0.5,0.7163161660372035,Control
0703,2.7632142921694696,1.021482606990744,5.360809028434055,3.7846968991602132,0.8464870772872467,1,0.5,5.360809028434055,Treatment
0706,-1.3441086035828254,1.4377040721358132,3.508729430556881,0.09359546855298784,0.9247409813971821,1,0.5,3.508729430556881,Treatment
0709,-0.10051161597835966,0.9804560869988098,2.312304704587081,0.8799444710204501,0.8365694821153048,0,0.5,0.8799444710204501,Control
0711,1.2082110734525937,0.334147224695952,1.5985934213445838,1.5423582981485457,0.6308657670732043,1,0.5,1.5985934213445838,Treatment
0717,0.4069626576931289,0.48935015644666413,1.1305648871452103,0.896312814139793,0.6877030913004765,0,0.5,0.896312814139793,Control
0720,0.816654041508008,-0.139245020941266,0.7858098827512422,0.677409020566742,0.4446282667201406,1,0.5,0.7858098827512422,Treatment
0721,-0.7179029123828359,1.7617787507191984,6.370715195948162,1.0438758383363624,0.9609466568518615,0,0.5,1.0438758383363624,Control
0724,-0.504869899706053,0.31082534859619415,-0.1562324307480647,-0.19404455110985885,0.622033300931353,1,0.5,-0.1562324307480647,Treatment
0726,0.15290420850033953,-0.7922302788427981,1.0120466985096157,-0.6393260703424586,0.21411320823968255,0,0.5,-0.6393260703424586,Control
0729,-0.3983373113640705,0.1454185264715236,-0.2833349524460103,-0.25291878489254693,0.5578097809354928,1,0.5,-0.2833349524460103,Treatment
0731,1.135969005078648,1.077145900653192,3.9950285379931962,2.2131149057318398,0.8592924551604783,0,0.5,2.2131149057318398,Control
0732,-2.6578496342623525,1.0556542506768742,0.09878928502039042,-1.6021953835854783,0.8544368971372732,0,0.5,-1.6021953835854783,Control
0738,-0.47102265236984703,-0.9481327131504758,0.8528222745470797,-1.4191553655203228,0.17153094819191878,1,0.5,0.8528222745470797,Treatment
0742,0.43117949527756794,0.7740176018550666,2.0163947921680383,1.2051970971326345,0.7805398088576008,0,0.5,1.2051970971326345,Control
0745,0.9786733276053672,0.8477639234958924,2.839962629315612,1.8264372511012597,0.8017152708268507,0,0.5,1.8264372511012597,Control
0747,0.5639244026089729,0.5355607469338348,1.4053554033885445,1.0994851495428077,0.7038689182482558,0,0.5,1.0994851495428077,Control
0751,-0.9553943045284384,1.1160236500584053,2.093635095480136,0.16062934552996688,0.867793994313152,0,0.5,0.16062934552996688,Control
0753,0.4686601726204209,0.11734390223284348,0.5548713065193049,0.5860040748532644,0.5467062318165722,0,0.5,0.5860040748532644,Control
0754,1.746103186912892,1.2785455950470235,5.654733661664698,3.0246487819599155,0.8994714405543174,0,0.5,3.0246487819599155,Control
0755,-1.7206215844790647,-0.20285221364603095,-1.7397496501398901,-1.9234737981250956,0.41962527282209333,1,0.5,-1.7397496501398901,Treatment
0757,1.6776311792388667,1.428185050052551,6.471148778652358,3.1058162292914178,0.9233806987496805,0,0.5,3.1058162292914178,Control
0761,-0.3113159726337204,1.062489999980604,2.477699027474149,0.7511740273468834,0.8559933523123067,0,0.5,0.7511740273468834,Control
0765,0.7197898431406619,1.1344399405761392,3.8609177709775198,1.854229783716801,0.871694973355963,0,0.5,1.854229783716801,Control
0766,-0.364257088220119,-1.2424722641856676,2.101981434228366,-1.6067293524057866,0.10703118382642789,0,0.5,-1.6067293524057866,Control
0774,0.09138491025970565,0.8710543376782813,2.044383397475145,0.962439247937987,0.8081377576526323,1,0.5,2.044383397475145,Treatment
0778,-1.2580436296448183,2.216821485460577,9.678962109884749,0.9587778558157587,0.9866823536480539,1,0.5,9.678962109884749,Treatment
0783,1.2055797058711122,1.6650185847160033,7.582662773128479,2.8705982905871155,0.952045475953948,1,0.5,7.582662773128479,Treatment
0785,-0.3656469345217377,1.1881247766789687,3.051696423734645,0.822477842157231,0.8826078728857911,1,0.5,3.051696423734645,Treatment
0786,-0.48297174172418605,-0.26437415380153895,-0.47537143222839595,-0.7473458955257251,0.3957458127517678,1,0.5,-0.47537143222839595,Treatment
0792,1.0965173233072019,0.6256097046525705,2.1920971807444403,1.7221270279597722,0.7342145140910404,0,0.5,1.7221270279597722,Control
0798,0.546866408640025,1.6093113729783308,6.53128828552399,2.156177781618356,0.9462258632526939,0,0.5,2.156177781618356,Control
0799,0.9137614309203324,1.4663323858444568,5.947188955395155,2.380093816764789,0.9287211216696021,1,0.5,5.947188955395155,Treatment
0801,-0.08893418414269792,2.05171485299299,9.355990918337891,1.9627806688502922,0.9799013087938819,0,0.5,1.9627806688502922,Control
0802,0.784923148210951,1.5163057180041923,6.141442068117466,2.301228866215143,0.9352789667660073,1,0.5,6.141442068117466,Treatment
0804,-1.1924316564567405,-0.5446970604851841,-0.871390411296932,-1.7371287169419247,0.2929809434414858,0,0.5,-1.7371287169419247,Control
0806,-1.1596365888462867,0.7350363313415703,0.28843839360864787,-0.4246002575047164,0.7688413160519645,1,0.5,0.28843839360864787,Treatment
0807,0.42068048274347614,1.4925714208107892,5.622505085591147,1.9132519035542654,0.9322252955189665,1,0.5,5.622505085591147,Treatment
0808,0.497536081177127,0.6430767966108659,1.646170012161146,1.140612877787993,0.7399128651268774,0,0.5,1.140612877787993,Control
0811,0.4966392321284233,1.3619559979084659,4.887465511560347,1.8585952300368893,0.9133941139372566,1,0.5,4.887465511560347,Treatment
0812,0.5898163555438691,1.1668761221287982,3.8964541853969523,1.7566924776726673,0.878369799984261,1,0.5,3.8964541853969523,Treatment
0815,-0.2628489383178856,0.7699029935112234,1.3076037972728116,0.5070540551933378,0.7793212809670494,0,0.5,0.5070540551933378,Control
0817,-1.2289757377085597,2.213280119167769,9.674882093681914,0.9843043814592094,0.9865608303048101,1,0.5,9.674882093681914,Treatment
0818,-1.1706006409496217,0.35946837347534977,-0.7324314311539197,-0.8111322674742719,0.6403776334085922,0,0.5,-0.8111322674742719,Control
0819,-0.01175825916158962,0.9838401791847343,2.416044826787278,0.9720819200231448,0.8374029498028952,1,0.5,2.416044826787278,Treatment
0821,-0.968698856075624,-0.259224412412768,-0.9639164703005183,-1.227923268488392,0.397731048164341,1,0.5,-0.9639164703005183,Treatment
0822,0.17432152844646942,0.9737748708346018,2.5576839620016614,1.148096399281071,0.8349158335728788,0,0.5,1.148096399281071,Control
0827,-1.5490335230838912,0.5325547324734413,-0.7155270706874532,-1.0164787906104498,0.7028290776142933,0,0.5,-1.0164787906104498,Control
0830,-0.6920038129123021,1.4298010301354425,4.1115586737081635,0.7377972172231404,0.9236129333200198,1,0.5,4.1115586737081635,Treatment
0833,0.9814865035693399,2.6268245612591525,16.095313335467594,3.6083110648284924,0.9956907121652784,1,0.5,16.095313335467594,Treatment
0834,1.8055632056188113,1.2909963452739168,5.78440450527699,3.096559550892728,0.9016475275911437,0,0.5,3.096559550892728,Control
0836,-0.9954319019624461,-0.34168433801420195,-0.93277769728114035,-1.337116239976648,0.3662942299733832,0,0.5,-1.337116239976648,Control
0839,-0.41491865642624887,1.1219666141369893,2.663682817118285,0.7070479577107405,0.8690616823487987,1,0.5,2.663682817118285,Treatment
0842,-0.5218117063424466,1.2521191559743623,3.239852633160633,0.7303074496319157,0.8947367757440561,1,0.5,3.239852633160633,Treatment
0843,-1.2936109341477033,0.5662847530680065,-0.36911171449911384,-0.7273261810796968,0.7143998882786965,1,0.5,-0.36911171449911384,Treatment
0844,0.04968314408366599,0.6973846792163054,1.3710662653030772,0.7470678232999715,0.7572189565257683,1,0.5,1.3710662653030772,Treatment
0846,0.7593007458799932,-0.3993781646701978,0.8786175003755656,0.35992258120979537,0.3448072902419069,0,0.5,0.35992258120979537,Control
0847,0.3561884160176268,0.2058817164067445,0.5439038365221733,0.5620701324243713,0.581558346152698,1,0.5,0.5439038365221733,Treatment
0850,1.4393030963229216,0.44610942865414843,2.060385055318257,1.8854125249770701,0.6722408988139845,1,0.5,2.060385055318257,Treatment
0851,1.0575979354394,0.39404840767628607,1.5651704344619763,1.451646343115686,0.6532273498286176,0,0.5,1.451646343115686,Control
0852,-1.0937595634201132,0.7699520224118381,0.47686868141796523,-0.323807541008275,0.7793358234935007,1,0.5,0.47686868141796523,Treatment
0853,0.4883551904010354,0.6578489422096133,1.6828101230384565,1.1462041326106487,0.7446823991093976,1,0.5,1.6828101230384565,Treatment
0854,-1.1365036708107017,-0.22441503000897806,-1.1479869744273297,-1.3609187008196797,0.4112171883312955,1,0.5,-1.1479869744273297,Treatment
0856,1.6685189195791201,-0.49354867570228994,1.9089251723029435,1.1749702438768301,0.3108124776749944,0,0.5,1.1749702438768301,Control
0857,-1.3036003659651392,0.9025920880812817,0.777040633009358,-0.4010082778838575,0.8166287863997934,0,0.5,-0.4010082778838575,Control
0862,-1.1940066530079927,1.3933341641396972,3.3854206149795933,0.19932751113170455,0.9182406179521224,0,0.5,0.19932751113170455,Control
0863,-0.6913330629723019,0.11931306540700766,-0.6032053151151643,-0.5720199975652942,0.5474863336284752,1,0.5,-0.6032053151151643,Treatment
0866,1.0706579958042692,0.3711927651310954,1.531822516141154,1.4418507609353646,0.6447530193008563,0,0.5,1.4418507609353646,Control
0870,-1.4094161129125597,0.9728550410141832,0.969905269247948,-0.43656107189837656,0.8346873237636161,0,0.5,-0.43656107189837656,Control
0871,0.5557729079065671,0.7144441148721171,1.9338557518934314,1.2702170227786842,0.762523699265286,1,0.5,1.9338557518934314,Treatment
0872,0.8614960429176197,1.4681184525480673,5.906298850615916,2.329614495465687,0.9289639749589407,1,0.5,5.906298850615916,Treatment
0873,1.9130183820448685,0.9689023039280055,4.275012883122866,2.881920685972874,0.8337030320773691,0,0.5,2.881920685972874,Control
0874,0.5116266001056176,0.4464604131647895,1.1335106077345616,0.9580870132704071,0.6723676490419018,1,0.5,1.1335106077345616,Treatment
0875,1.1676362687051647,0.9160181117850719,3.3038236868342774,2.0836543804902368,0.820171302278174,1,0.5,3.3038236868342774,Treatment
0876,0.07265674469454177,0.20119609085563175,0.2542145240735329,0.27385283555017353,0.5797273759786148,0,0.5,0.27385283555017353,Control
0877,0.7375572875399883,1.118567225918382,3.799226178296669,1.8561245134583704,0.8683375940372452,0,0.5,1.8561245134583704,Control
0879,0.4455008819485356,0.20112393011945592,0.6269645175416552,0.6466248120679915,0.5796991646147874,1,0.5,0.6269645175416552,Treatment
0883,0.9613289810835133,1.7131599832399915,7.687743229053205,2.674488964323505,0.9566584443446529,0,0.5,2.674488964323505,Control
0884,0.21476458712067614,0.8187171753763053,1.9647188013211405,1.0334817624969814,0.7935261024703344,1,0.5,1.9647188013211405,Treatment
0888,0.40479431381576625,-0.6015344312393189,0.8277144421289286,-0.19674011742355269,0.2737420430090993,1,0.5,0.8277144421289286,Treatment
0889,-0.31749817111806206,2.289136576432753,11.307362648222846,1.9716384053146911,0.9889642908820812,0,0.5,1.9716384053146911,Control
0890,-1.0421974853237945,-0.022793309816022587,-1.0525550702870674,-1.0649907951398172,0.4909075723166101,1,0.5,-1.0525550702870674,Treatment
0893,0.7543930226864347,1.6296295552477034,6.880592774983941,2.384022577934138,0.9484100930030165,0,0.5,2.384022577934138,Control
0896,-0.2532491967302355,0.5763103116352661,0.6991731096816727,0.32306111490503064,0.7177972728760058,1,0.5,0.6991731096816727,Treatment
0899,-0.6110799682825107,2.2605807954245387,10.73966149471424,1.649500827142028,0.9881073859612516,1,0.5,10.73966149471424,Treatment
0901,-0.3228114944861694,0.4956209100085834,0.4162791333935949,0.17280941552241397,0.6899190513893151,0,0.5,0.17280941552241397,Control
0903,-0.8048392535588216,-0.005305024866811873,-0.8074354794145525,-0.8101442784256334,0.4978836112090759,0,0.5,-0.8101442784256334,Control
0904,0.2931667322386216,-0.019678712873609946,0.2841018792825406,0.27348801936501166,0.4921498360790469,0,0.5,0.27348801936501166,Control
0906,-0.7841765734405167,0.9803635817436002,1.6282307222495644,0.19618700830308344,0.8365466601103276,0,0.5,0.19618700830308344,Control
0907,-2.6486142763385465,0.9353455246371315,-0.43119901310255937,-1.7132687517014151,0.8251948694236609,0,0.5,-1.7132687517014151,Control
0910,0.2772875916808394,1.5515751873989845,5.86784630968472,1.8288627790798238,0.9396180480029357,0,0.5,1.8288627790798238,Control
0912,-0.7580635510332451,-0.49264158089589416,-0.5189928870259806,-1.2507051319291391,0.3111329311205624,0,0.5,-1.2507051319291391,Control
0913,0.49521025419151804,1.227207139744982,4.120888551746129,1.7224173939365,0.8901276266925868,0,0.5,1.7224173939365,Control
0916,-0.5616313885828689,0.33175411254629283,-0.17563274992696576,-0.22987727603657604,0.629962531738925,0,0.5,-0.22987727603657604,Control
0917,-0.6727478952091808,0.15826468159417872,-0.5435201355318778,-0.514483213615002,0.5628758813230473,0,0.5,-0.514483213615002,Control
0919,-0.7988211146043503,2.434889375722632,12.275996117270864,1.636068261118282,0.9925518284580641,1,0.5,12.275996117270864,Treatment
0921,0.5189352161402315,0.23865000252216675,0.7521678648089754,0.7575852186623983,0.5943115056234025,1,0.5,0.7521678648089754,Treatment
0923,-2.1365705176988747,0.6045769056439315,-1.1032555952009264,-1.531993612054943,0.7272699222941761,0,0.5,-1.531993612054943,Control
0927,1.1005206092737885,0.8710200268468721,3.053382397033876,1.9715406361206607,0.8081283908699914,1,0.5,3.053382397033876,Treatment
0931,1.103200998122045,0.14532947952006092,1.2181070531172191,1.248530477642106,0.5577746297465944,1,0.5,1.2181070531172191,Treatment
0932,0.8190446964444714,-0.04370761478408589,0.8010116002326566,0.7753370816603855,0.4825687346496159,1,0.5,0.8010116002326566,Treatment
0936,0.4125930144110715,0.2996643883065089,0.7420226998025542,0.7122574027175803,0.6177834175368614,0,0.5,0.7122574027175803,Control
0938,0.1301761209470292,0.4500931815858468,0.7603904559600928,0.580269302532876,0.673678373481807,0,0.5,0.580269302532876,Control
0940,-1.262932385406707,0.9934903341933348,1.2078588699611286,-0.26944205121337217,0.8397644707078492,0,0.5,-0.26944205121337217,Control
0943,0.0907056211050212,-0.23939828898794716,0.08562955815176095,-0.14869266788292596,0.40539837831539194,1,0.5,0.08562955815176095,Treatment
0945,1.1464170140450942,-0.31568111288358597,1.1878855876661398,0.8307359011615083,0.3761222819558171,0,0.5,0.8307359011615083,Control
0947,0.27729828377859433,0.8008796963955658,1.9605547081736843,1.0781779801741602,0.7883993523466262,1,0.5,1.9605547081736843,Treatment
0948,0.26707551660977275,-0.5717377636634785,0.6349747755758647,-0.30466224705370576,0.2837498232046237,1,0.5,0.6349747755758647,Treatment
0952,-0.17467381125531264,1.0839728199208154,2.7173067473592645,0.9092990086655027,0.8608115748867402,0,0.5,0.9092990086655027,Control
0953,0.8830009337704824,0.601777868339018,1.9081630735852966,1.4847788021095005,0.7263389955431896,1,0.5,1.9081630735852966,Treatment
0957,-0.1633139900462247,0.33541979543954176,0.2294087860189542,0.17210580539331705,0.6313457813028851,1,0.5,0.2294087860189542,Treatment
0958,1.7481682880189586,0.40252517877221133,2.2734839164962657,2.15069346679117,0.6563512190646295,0,0.5,2.15069346679117,Control
0959,0.7090811771269613,1.497352110296009,5.94188391669079,2.2064332874229704,0.9328491688554796,0,0.5,2.2064332874229704,Control
0960,-0.6781121043540148,0.569157744465761,0.25434784404957056,-0.10895435988825386,0.7153754530836223,0,0.5,-0.10895435988825386,Control
0961,-0.8625146200590957,1.3896019584632242,3.694273565102173,0.5270873384041285,0.9176751096370495,1,0.5,3.694273565102173,Treatment
0962,-1.6813648499144798,1.4397411845309984,3.1842150992204648,-0.24162366538348135,0.9250296816154431,1,0.5,3.1842150992204648,Treatment
0963,-0.11798719394376786,-0.8351123997383129,0.859282046580443,-0.9530995936820807,0.20182721287791267,0,0.5,-0.9530995936820807,Control
0964,-1.2157204660815442,0.7196478261806729,0.1798894344619284,-0.49607263990087125,0.7641290713222382,1,0.5,0.1798894344619284,Treatment
0965,-0.15918578471901304,-0.8575430509415014,0.8828028582463532,-1.0167288356605144,0.19557241649903082,1,0.5,0.8828028582463532,Treatment
0966,1.481654473401303,1.1287227649064007,4.594046015890402,2.610377238307704,0.8704925985702598,0,0.5,2.610377238307704,Control
0968,-1.2070853645072783,1.4427165367735366,3.677134914839145,0.2356311722662583,0.9254498305529582,1,0.5,3.677134914839145,Treatment
0970,1.2165280922137856,0.25001171856909876,1.4665456703420834,1.4665398107828844,0.5987108568733313,1,0.5,1.4665456703420834,Treatment
0971,0.23219674201559384,1.4694860412019177,5.285718213191122,1.7016827832175117,0.9291494974087791,0,0.5,1.7016827832175117,Control
0972,0.998294698795022,-0.7065667420009822,1.643484449598296,0.29172795679403973,0.23991788144309487,0,0.5,0.29172795679403973,Control
0975,-0.8908455004769883,0.9990367683317622,1.6048218126464353,0.10819126785477395,0.8411115599518533,0,0.5,0.10819126785477395,Control
0978,0.9399622989744851,0.6616502739096961,2.146349605858885,1.6016125728841812,0.745902309989329,1,0.5,2.146349605858885,Treatment
0979,-2.254248061844666,-0.9136394237131521,-1.0415937805754405,-3.167887485557818,0.18045317189680335,1,0.5,-1.0415937805754405,Treatment
0981,1.6145699595982579,0.8210496993510147,3.3733400268825484,2.4356196589492725,0.794191020106949,0,0.5,2.4356196589492725,Control
0982,0.7633802604133303,1.105134798442144,3.7585935050899186,1.8685150588554742,0.865449407959203,1,0.5,3.7585935050899186,Treatment
0983,-1.6417380933618955,-0.4810179326141618,-1.4194905566761717,-2.122756025976057,0.31525187682368805,0,0.5,-2.122756025976057,Control
0986,-1.1071638176973497,0.7304597329222812,0.32520889160557154,-0.37670408477506856,0.7674453911017088,0,0.5,-0.37670408477506856,Control
0989,0.6878633681655285,-0.0603564231699461,0.6649709522162947,0.6275069449955825,0.47593588231024225,0,0.5,0.6275069449955825,Control
0991,-0.48851254398735583,0.008625805062195449,-0.4840508324303161,-0.47988673892516037,0.503441155668839,0,0.5,-0.47988673892516037,Control
0993,-1.0558931479689977,1.9443877468200654,7.477588145409056,0.8884945988510677,0.9740756448248175,0,0.5,0.8884945988510677,Control
0995,0.8158531586392422,0.7893091917576146,2.4565257549041672,1.6051623503968568,0.7850343421818835,0,0.5,1.6051623503968568,Control
0997,-0.778860526630563,0.19156704854450862,-0.6096811341822005,-0.5872934780860544,0.5759593220666959,1,0.5,-0.6096811341822005,Treatment
0998,-0.7901459768557436,0.8821030117920523,1.2071169758655014,0.09195703493630869,0.8111394481626248,0,0.5,0.09195703493630869,Control
0999,-1.0116987058579188,0.6998536981477727,0.31781854083819483,-0.3118450077101461,0.7579906621089488,1,0.5,0.31781854083819483,Treatment
1000,1.1810674733730129,0.15872549076337966,1.3108177815908542,1.3397929641363926,0.56305742297589,0,0.5,1.3397929641363926,Control
1001,-0.26885890004867263,1.3977903345980902,4.337671906242054,1.1289314345494175,0.918911981163703,1,0.5,4.337671906242054,Treatment
1006,-0.021475621927219316,-1.1718369689576928,2.13900965722584,-1.1933125908849123,0.12063125851910828,0,0.5,-1.1933125908849123,Control
1008,1.3482018014756887,0.5149148205903942,2.1359337566981615,1.8631166220660829,0.6966937280508161,0,0.5,1.8631166220660829,Control
1009,0.4648803382052517,0.8758777900561232,2.43714303946051,1.340758128261375,0.8094517626027397,0,0.5,1.340758128261375,Control
1011,0.9375595198946537,-0.1395241857644868,0.9067314238388964,0.7980353341301669,0.44451797268995036,1,0.5,0.9067314238388964,Treatment
1012,0.43478311935203773,0.47746701511188683,1.1294661279476907,0.9122501344639246,0.6834851982395029,0,0.5,0.9122501344639246,Control
1013,0.6419333573637491,1.1636253967067982,3.931794183439255,1.8055587540705473,0.8777120726792421,0,0.5,1.8055587540705473,Control
1015,0.6837584356004742,0.5662507431760628,1.6081636154833925,1.250009178776537,0.714388330215481,0,0.5,1.250009178776537,Control
1016,0.5862183107350388,1.3000919565060451,4.616742479731495,1.8863102672410839,0.9032152729294654,0,0.5,1.8863102672410839,Control
1018,0.07700446031042318,1.2829590509554505,4.010451838645169,1.3599635112658737,0.9002467886190397,0,0.5,1.3599635112658737,Control
1019,-1.3052103081169903,-0.8477895463700007,-0.29161085143348764,-2.152999854486991,0.19827759294588013,0,0.5,-2.152999854486991,Control
1023,-0.5683426382919079,0.06693280922243912,-0.5259162317798735,-0.5014098290694687,0.526682403193767,1,0.5,-0.5259162317798735,Treatment
1025,-0.243909692662254,0.9515469434843856,2.0427469503888918,0.7076372508221316,0.8293365998917116,0,0.5,0.7076372508221316,Control
1026,-1.4099203721268456,0.21727894583257132,-1.206860618606333,-1.1926414262942744,0.586004518020461,1,0.5,-1.206860618606333,Treatment
1027,-0.6502861369725429,1.2570736680710735,3.1387191109783203,0.6067875310985306,0.8956365194489416,1,0.5,3.1387191109783203,Treatment
1030,-1.816682680458607,2.3299097299569373,10.20523088401588,0.5132270494983304,0.9900945386699653,0,0.5,0.5132270494983304,Control
1031,-1.1892896782548532,-0.24533265009458655,-1.191579784897281,-1.4346223283494397,0.40309943647180324,0,0.5,-1.4346223283494397,Control
1035,-0.6433690892233406,-0.2431227148034691,-0.6467131377182572,-0.8864918040268097,0.4039551675870118,0,0.5,-0.8864918040268097,Control
1036,-1.5246504997931705,0.8990383242786418,0.541408479389647,-0.6256121755145286,0.8156838761996585,0,0.5,-0.6256121755145286,Control
1038,-0.9844635617094003,0.2029616064359966,-0.8005959311172413,-0.7815019552734037,0.5804174793858485,1,0.5,-0.8005959311172413,Treatment
1041,1.553808204101649,1.4929651046000778,6.75818036350873,3.046773308701727,0.9322768392685474,1,0.5,6.75818036350873,Treatment
1043,0.6047925692962015,1.0305075900487752,3.2439381506168585,1.6353001593449767,0.8486141044390063,0,0.5,1.6353001593449767,Control
1046,-0.04201702208114515,-0.18845997228721692,-0.06521268591575646,-0.23047699436836205,0.4252580453667541,0,0.5,-0.23047699436836205,Control
1047,1.4822779516779985,0.931535746565291,3.683563519218552,2.4138136982432896,0.8242117487271596,1,0.5,3.683563519218552,Treatment
1048,0.22819624455455317,1.5789232154503348,6.003654892855769,1.8071194600048879,0.9428231648430149,1,0.5,6.003654892855769,Treatment
1049,1.1005734503618851,0.7723309956078576,2.679729281719063,1.8729044459697426,0.7800407940238958,0,0.5,1.8729044459697426,Control
1050,-0.12700827227844186,1.2335825100428572,3.5332346009102586,1.1065742377644154,0.8913207432026973,0,0.5,1.1065742377644154,Control
1053,0.3139219018932392,1.152236650545413,3.5453388248861697,1.4661585524386522,0.8753880795795514,0,0.5,1.4661585524386522,Control
1054,0.5054611460155114,-0.040923857307146684,0.48834874155572944,0.4645372887083647,0.48367829899787296,1,0.5,0.48834874155572944,Treatment
1055,-0.13538699859223957,0.7842201768270461,1.4867256613065707,0.6488331782348066,0.7835445360436419,1,0.5,1.4867256613065707,Treatment
1057,-0.4149438330296213,0.8963818046933584,1.640247748887702,0.4814379716637371,0.8149755591184652,1,0.5,1.640247748887702,Treatment
1059,0.1216416503557639,-0.5458842678384928,0.44467878418365214,-0.42424261748272885,0.2925727465898542,1,0.5,0.44467878418365214,Treatment
1060,0.4743562073528563,0.7304828054234759,1.9068078681032976,1.2048390127763322,0.7674524402641929,1,0.5,1.9068078681032976,Treatment
1062,0.3769376450730841,1.1712634535397566,3.7062855270387174,1.5482010986128407,0.8792535516646927,0,0.5,1.5482010986128407,Control
1063,-1.510508064874924,-1.168206460097511,0.6348013719034358,-2.678714524972435,0.1213617476576025,0,0.5,-2.678714524972435,Control
1064,-1.1126970252587973,0.35286300742234517,-0.6872409175333407,-0.7598340178364522,0.6379044275266741,0,0.5,-0.7598340178364522,Control
1069,-1.4050120258908647,-0.207165686789616,-1.4227596257196462,-1.6121777126804808,0.4179402319790997,0,0.5,-1.6121777126804808,Control
1070,-2.2187062676909988,0.9229034290417862,-0.05375307449593114,-1.2958028386492124,0.8219712332546898,0,0.5,-1.2958028386492124,Control
1071,0.08944501997243258,-0.10806659835122562,0.05876850015523001,-0.01862157837879304,0.4569714318010453,0,0.5,-0.01862157837879304,Control
1073,-0.041526925845348395,0.2765583110248987,0.24972122846099015,0.2350313851795503,0.6089403602669572,0,0.5,0.2350313851795503,Control
1079,0.10801987302449038,0.768248104012426,1.6725542236680782,0.8762679770369164,0.7788301001426429,1,0.5,1.6725542236680782,Treatment
1080,0.003562052960804333,0.9172757221440688,2.1449894149026845,0.9208377751048732,0.8205009120119986,0,0.5,0.9208377751048732,Control
1081,-0.45219720852006784,0.5662785216155117,0.4722847803737872,0.11408131309544389,0.7143977705726035,1,0.5,0.4722847803737872,Treatment
1082,1.2331974265778942,0.047144424390430054,1.2612148322753192,1.2803418509683242,0.5188009394322106,0,0.5,1.2803418509683242,Control
1083,-0.697066473635132,1.003013171042289,1.8165109544546283,0.30594669740715696,0.8420727468001385,0,0.5,0.30594669740715696,Control
1090,1.4470921714021372,-0.4572435582799702,1.6366137354392092,0.989848613122167,0.3237479966054505,1,0.5,1.6366137354392092,Treatment
1092,2.654140015893336,0.5485737434653679,3.5302931916652343,3.202713759358704,0.7083509955679412,0,0.5,3.202713759358704,Control
1095,0.8976900166917587,2.071836357019581,10.518619975737884,2.9695263737113393,0.9808596475841653,1,0.5,10.518619975737884,Treatment
1097,0.1886200131481519,-0.5817500566577167,0.5746112416618068,-0.3931300435095648,0.28036752457003594,0,0.5,-0.3931300435095648,Control
1100,-0.060216927306728084,1.537222554921969,5.434500716875909,1.4770056276152408,0.9378805905815455,1,0.5,5.434500716875909,Treatment
1104,-0.28031474987541694,-0.18484250380919315,-0.30440249935111036,-0.4651572536846101,0.42667628451253214,0,0.5,-0.4651572536846101,Control
1109,-1.123017764876307,-0.10929334578755283,-1.1537743669032081,-1.2323111106638598,0.4564849121362206,0,0.5,-1.2323111106638598,Control
1111,0.4537140457520137,1.293735452289378,4.448084612917506,1.7474494980413917,0.9021215924321169,1,0.5,4.448084612917506,Treatment
1112,0.1103717021096621,0.5070203735768128,0.8780212073420102,0.6173920756864749,0.693929738271737,1,0.5,0.8780212073420102,Treatment
1113,0.30135361326669885,-0.31357851428908645,0.3412273253696572,-0.012224901022387602,0.3769205900658341,1,0.5,0.3412273253696572,Treatment
1114,1.3724170639274451,0.42019986267342885,1.9356528444456964,1.792616926600874,0.6628302724616099,1,0.5,1.9356528444456964,Treatment
1115,-0.36354217122122967,0.10827988071981402,-0.28595316572392837,-0.25526229050141563,0.5431131591840646,0,0.5,-0.25526229050141563,Control
1117,-1.7740767599685914,1.1548489660642505,1.4706999919028705,-0.6192277939043409,0.8759238594217363,1,0.5,1.4706999919028705,Treatment
1122,0.4904390141287929,0.34094970894596643,0.8934072766624546,0.8313887230747594,0.6334292789647594,1,0.5,0.8934072766624546,Treatment
1123,0.3897944189447296,1.3727705284001235,4.8451775304327,1.762564947344853,0.9150881522349826,0,0.5,1.762564947344853,Control
1126,0.565266194473726,0.6361862775382366,1.6928252926987608,1.2014524720119626,0.7376724919124945,0,0.5,1.2014524720119626,Control
1128,-0.8064004598039572,0.11847310813622483,-0.7190921510329296,-0.6879273516677324,0.5471535991941809,0,0.5,-0.6879273516677324,Control
1130,1.445900963432032,0.20574523559618685,1.6334357851711863,1.6516461990282187,0.58150503924648,1,0.5,1.6334357851711863,Treatment
1133,-1.230526181368282,0.2465796611728881,-0.9856332921735653,-0.9839465201953939,0.5973832266887857,1,0.5,-0.9856332921735653,Treatment
1139,0.4146548487318727,0.6041497650710282,1.446723608538144,1.018804613802901,0.7271279620410289,0,0.5,1.018804613802901,Control
1141,-0.28687738035486965,2.075160133598261,9.363281846595363,1.7882827532433911,0.9810141519630166,0,0.5,1.7882827532433911,Control
1142,-1.037769780821469,-1.1947297924164062,1.219623876745026,-2.232499573237875,0.11609630923496045,1,0.5,1.219623876745026,Treatment
1145,-0.4483625893128614,0.6499757675296477,0.7215622912034718,0.20161317821678632,0.7421460627143681,0,0.5,0.20161317821678632,Control
1146,-1.8917580364545623,-0.16271387401818935,-1.9201633638676425,-2.054471910472752,0.43537186134438405,1,0.5,-1.9201633638676425,Treatment
1150,1.1390472627225385,0.0493433469627511,1.1685884679828868,1.1883906096852896,0.5196771621556073,1,0.5,1.1685884679828868,Treatment
1151,0.9880479896911463,0.9970198587942614,3.4746551167485347,1.9850678484854076,0.8406225646431794,0,0.5,1.9850678484854076,Control
1152,-0.27612083185611835,1.0121988678633624,2.279071698283308,0.7360780360072441,0.8442785112898393,1,0.5,2.279071698283308,Treatment
1154,-0.4777624502451091,1.8267075654322251,7.109312391685657,1.348945115187116,0.9661281249234388,0,0.5,1.348945115187116,Control
1158,1.8465319820404418,1.0575227538029817,4.612002108564016,2.9040547358434234,0.8548634621439155,0,0.5,2.9040547358434234,Control
1159,-1.2051449919896153,-0.27121988591370977,-1.1936344819163787,-1.4763648779033252,0.3931109596251341,0,0.5,-1.4763648779033252,Control
1162,0.805884696946588,-0.6081016480626192,1.2414091016682256,0.1977830488839688,0.2715600296269657,0,0.5,0.1977830488839688,Control
1163,0.936895231632134,0.5836979191291131,1.9101507127880037,1.520593150761247,0.7202882162511139,0,0.5,1.520593150761247,Control
1164,-0.8344426741110722,0.9359520483679504,1.3855458237612275,0.10150937425687823,0.825351061419669,1,0.5,1.3855458237612275,Treatment
1166,-0.04510772436690484,-0.5762962219734378,0.330978835568092,-0.6214039463403426,0.2822074880398858,0,0.5,-0.6214039463403426,Control
1170,0.4780015612209813,0.32677903420247556,0.8549601527108245,0.8047805954234568,0.6280824910359716,1,0.5,0.8549601527108245,Treatment
1172,-0.2738195170178137,0.9857412991722659,2.162422950355973,0.7119217821544522,0.8378699611339486,0,0.5,0.7119217821544522,Control
1173,0.7589529076202024,0.6257050772423443,1.8548191336150706,1.3846579848625467,0.7342457987891394,1,0.5,1.8548191336150706,Treatment
1174,1.7656437059352026,0.19798089569071672,1.943027023897558,1.9636246016259193,0.5784699945461692,0,0.5,1.9636246016259193,Control
1176,-1.6838704118768242,1.0063014617014192,0.8445655826187111,-0.677568950175405,0.8428647112161919,1,0.5,0.8445655826187111,Treatment
1177,-0.9895199559489305,-0.20632833273810808,-1.0075413605370096,-1.1958482886870385,0.4182672241595001,1,0.5,-1.0075413605370096,Treatment
1181,-0.16872956855211652,0.4805667297733175,0.5334425598645837,0.311837161221201,0.684587766938956,1,0.5,0.5334425598645837,Treatment
1184,-0.5847570446733404,3.9673039934722745,32.877896905304915,3.382546948798934,0.9999636548748043,0,0.5,3.382546948798934,Control
1185,0.303872932148675,0.3884580115115765,0.7999011913195195,0.6923309436602515,0.651161439468044,1,0.5,0.7999011913195195,Treatment
1186,0.3923824175568797,0.477045149169523,1.086049140833986,0.8694275667264026,0.6833350140653613,1,0.5,1.086049140833986,Treatment
1187,1.1742255137384412,0.5409338869440807,2.0299113972993448,1.715159400682522,0.7057234235833537,1,0.5,2.0299113972993448,Treatment
1194,-1.4604633581149398,-0.22686525924655376,-1.4709602960322046,-1.6873286173614934,0.4102642584182357,0,0.5,-1.6873286173614934,Control
1195,-0.4735140398874768,0.7096288298103085,0.8884465272135729,0.2361147899228317,0.7610328316123459,0,0.5,0.2361147899228317,Control
1196,1.2347587372455107,0.697196430109166,2.555522676614024,1.9319551673546767,0.7571600636263074,0,0.5,1.9319551673546767,Control
1197,-0.8898141412472914,-0.8739718345957597,0.20085347678818455,-1.7637859758430512,0.1910667962015227,1,0.5,0.20085347678818455,Treatment
1199,-0.4737908067255389,0.2214969720621624,-0.264920503429045,-0.2522938346633765,0.5876472530002412,0,0.5,-0.2522938346633765,Control
1200,0.616691941813967,0.10801006108976892,0.6940293189520828,0.724702002903736,0.5430061443463237,1,0.5,0.6940293189520828,Treatment
1201,-0.10902556266374266,0.20086192715540543,0.07209642847512684,0.09183636449166277,0.5795967306646225,0,0.5,0.09183636449166277,Control
1207,-2.0728518182950806,0.7605044894538903,-0.5358654166090908,-1.3123473288411902,0.7765234566314316,1,0.5,-0.5358654166090908,Treatment
1210,0.3316603021245537,1.4294581810232563,5.133090775224815,1.76111848314781,0.9235637068488091,1,0.5,5.133090775224815,Treatment
1211,-0.42308984355649093,0.8380356190967541,1.4005353637416458,0.41494577554026313,0.7989946504646078,1,0.5,1.4005353637416458,Treatment
1212,-2.416824765795284,0.5410357043733767,-1.5608676467950042,-1.8757890614219075,0.7057585133834448,0,0.5,-1.8757890614219075,Control
1216,-0.8567851155480024,0.4313121684479206,-0.2690686580215472,-0.4254729471000818,0.6668792981625002,0,0.5,-0.4254729471000818,Control
1217,0.44790956745510974,0.6174684756979069,1.5191784422654564,1.0653780431530167,0.7315371159031758,1,0.5,1.5191784422654564,Treatment
1218,2.2695906122023732,-0.23063245764325266,2.26065704441788,2.0389581545591207,0.40880017487253684,1,0.5,2.26065704441788,Treatment
1219,-1.32800190949447,0.39614690771028654,-0.8160637106624821,-0.9318550017841833,0.6540016722340684,0,0.5,-0.9318550017841833,Control
1220,0.5229604661362642,-0.9759883787384177,1.9400729076319454,-0.45302791260215347,0.16453511166335083,1,0.5,1.9400729076319454,Treatment
1221,-2.3447150084147723,1.3438605623684052,1.9391376949476826,-1.000854446046367,0.9105032594907543,0,0.5,-1.000854446046367,Control
1223,-0.964558246162669,-0.820011182744959,-0.029727157881575428,-1.784569428907628,0.20610486611152645,0,0.5,-1.784569428907628,Control
1227,0.07080120481900876,0.11873239528655193,0.15836216584324875,0.1895336001055607,0.5472563148239298,1,0.5,0.15836216584324875,Treatment
1228,1.472901338364933,1.5297633670476374,6.9181349402106,3.0026647054125704,0.9369623438798389,1,0.5,6.9181349402106,Treatment
1229,-0.27788949469594276,1.5510902696773043,5.309417689517935,1.2732007749813616,0.9395599736524934,0,0.5,1.2732007749813616,Control
1232,-1.4013657483207904,1.1466098287188509,1.8013673646679798,-0.25475591960193955,0.8742285437541538,1,0.5,1.8013673646679798,Treatment
1234,0.1617313483696974,-0.3575445358776031,0.23863527070275709,-0.1958131875079057,0.36034209585059473,1,0.5,0.23863527070275709,Treatment
1236,0.16645110432373142,0.49841002542970564,0.912481223936264,0.664861129753437,0.690902464027424,0,0.5,0.664861129753437,Control
1237,1.5344233658564055,1.3314033492710933,5.745394797392521,2.8658267151274988,0.9084718360172509,1,0.5,5.745394797392521,Treatment
1238,0.8722118162286887,-0.20716728631932993,0.8544647421108542,0.6650445299093588,0.41793960740659297,0,0.5,0.6650445299093588,Control
1240,-0.22768326884269627,0.9406752305281159,2.0123941250796094,0.7129919616854196,0.8265643419481844,1,0.5,2.0123941250796094,Treatment
1244,-0.5298407816745994,0.19079034964387748,-0.36164369181819456,-0.3390504320307219,0.5756550751629698,1,0.5,-0.36164369181819456,Treatment
1246,-0.4714714698971705,2.072548720660477,9.155719289455828,1.6010772507633064,0.9808928512102727,0,0.5,1.6010772507633064,Control
1250,-0.7049918631222548,0.9291180016799583,1.4860876598092423,0.22412613855770347,0.8235860319057364,1,0.5,1.4860876598092423,Treatment
1251,-0.36781678920908023,1.3395136445869131,3.890533641153407,0.9716968553778329,0.9097982422398442,1,0.5,3.890533641153407,Treatment
1260,0.9315101820739115,-0.4249464934167127,1.0801959798998757,0.5065636886571987,0.3354378403064929,1,0.5,1.0801959798998757,Treatment
1261,-1.2931208543661834,-0.22482217110246855,-1.3044419226789623,-1.517943025468652,0.41105880876113554,0,0.5,-1.517943025468652,Control
1262,-0.6678618010389451,1.327309514405588,3.5192940502270447,0.6594477133666429,0.9077968410933008,0,0.5,0.6594477133666429,Control
1265,0.48092590215148207,1.0432043283821866,3.179078607853233,1.5241302305336686,0.8515731653768328,0,0.5,1.5241302305336686,Control
1268,0.9195608346960508,1.7987390077578238,8.289854374634164,2.7182998424538747,0.9639700123059507,0,0.5,2.7182998424538747,Control
1270,-0.7788953596504613,-1.1618822066533718,1.3401040612982698,-1.9407775663038331,0.12264165784326393,1,0.5,1.3401040612982698,Treatment
1274,0.6117767264807836,1.3916069859520623,5.180720226157982,2.003383712432846,0.9179792788821932,1,0.5,5.180720226157982,Treatment
1275,0.771328293095654,0.35500680726021966,1.2008913631279534,1.1263351003558737,0.6387077542412005,1,0.5,1.2008913631279534,Treatment
1276,0.5873302453200764,-0.3600482541612103,0.6665756088885422,0.2272819911588661,0.35940552419609967,0,0.5,0.2272819911588661,Control
1278,-1.4109260131467398,-0.9806549824268983,0.02211488475721146,-2.391580995573638,0.16338145533109555,0,0.5,-2.391580995573638,Control
1279,0.35348948183785067,2.021095477458487,9.533691078573392,2.3745849592963375,0.978365058784157,0,0.5,2.3745849592963375,Control
1280,1.4721163483599657,0.8101554122455074,3.189897638464095,2.282271760605473,0.7910745699628788,0,0.5,2.282271760605473,Control
1281,0.8458495127721906,1.0782055148717342,3.7100065348077003,1.9240550276439248,0.8595289743123031,1,0.5,3.7100065348077003,Treatment
1282,-0.623533578076055,0.33083907396100726,-0.2392050553767977,-0.29269450411504777,0.6296169777295036,1,0.5,-0.2392050553767977,Treatment
1283,-0.33068867277506114,0.2966325810344421,-0.006390605995530374,-0.03405609174061902,0.616626483123808,0,0.5,-0.03405609174061902,Control
1286,0.29061342616132213,0.7224518267725961,1.6957126235617426,1.0130652529339184,0.7649916335915831,1,0.5,1.6957126235617426,Treatment
1288,1.8242514409728232,-0.5657058592905994,2.1814447497989544,1.258545581682224,0.2857968757360556,1,0.5,2.1814447497989544,Treatment
1290,-0.5190817148136274,0.23356791889763942,-0.29318980988845916,-0.285513795915988,0.5923397820516061,1,0.5,-0.29318980988845916,Treatment
1291,0.5248336689945466,0.13551848628930746,0.6293234323914908,0.660352155283854,0.5538990254313537,1,0.5,0.6293234323914908,Treatment
1297,0.022872048464669118,0.0595889120537496,0.05976818137104292,0.08246096051841872,0.5237584752121903,0,0.5,0.08246096051841872,Control
1301,0.4088352373434691,0.6771543431429363,1.6644884177896204,1.0859895804864055,0.750845983766796,1,0.5,1.6644884177896204,Treatment
1303,0.4439992267830553,1.1603808637720179,3.717157156685653,1.6043800905550731,0.8770531127890152,1,0.5,3.717157156685653,Treatment
1305,-0.324652790694371,0.7085753391991192,1.0337929015474823,0.3839225485047482,0.7607059778431527,1,0.5,1.0337929015474823,Treatment
1309,-0.7205431285231919,-0.40435226308986916,-0.595717754736329,-1.124895391613061,0.34297684926405647,1,0.5,-0.595717754736329,Treatment
1310,-0.30551376766589533,-0.11831665909297634,-0.33667443357453636,-0.42383042675887167,0.45290837903283904,0,0.5,-0.42383042675887167,Control
1314,-1.5744826633001152,0.21808481327298232,-1.370318285103001,-1.356397850027133,0.5863184850577668,1,0.5,-1.370318285103001,Treatment
1315,0.5994630983219686,1.031321261888277,3.2423708197117627,1.6307843602102456,0.8488049045481096,0,0.5,1.6307843602102456,Control
1316,0.17663460480360468,0.7723588821961643,1.7558905317163038,0.948993486999769,0.780049050096327,0,0.5,0.948993486999769,Control
1319,0.5995322085376081,0.8799196297910337,2.5880091332163047,1.4794518383286417,0.8105485750594495,1,0.5,2.5880091332163047,Treatment
1320,1.4116606551825348,1.092707483909193,4.34603368791945,2.504368139091728,0.8627388735876744,0,0.5,2.504368139091728,Control
1330,-0.7788246936644554,-0.03479360607162888,-0.7938003066533345,-0.8136182997360842,0.48612215958096455,1,0.5,-0.7938003066533345,Treatment
1334,1.900645561644391,0.055029573845249896,1.9342168565621956,1.955675135489641,0.5219425485191295,1,0.5,1.9342168565621956,Treatment
1335,0.015070328366781134,0.7985257258896868,1.689619861126927,0.813596054256468,0.7877172648601944,0,0.5,0.813596054256468,Control
1337,0.012194589988409419,-0.5620249089461762,0.3629261320672366,-0.5498303189577668,0.2870495240491817,0,0.5,-0.5498303189577668,Control
1338,-0.1801590043663021,1.5065648222581154,5.112598534094009,1.3264058178918132,0.9340388800169627,1,0.5,5.112598534094009,Treatment
1344,-0.3009483202231218,1.6612360671370778,6.0490802548595495,1.360287746913956,0.9516669777371833,0,0.5,1.360287746913956,Control
1345,-0.22124927841943184,0.843740058051013,1.6244153217259285,0.6224907796315812,0.8005926611383962,1,0.5,1.6244153217259285,Treatment
1348,-0.19639506744734614,1.306386952442298,3.8700921477967523,1.109991884994952,0.9042894996833908,1,0.5,3.8700921477967523,Treatment
1353,-0.6208211477450003,1.4581058002167402,4.360376801614771,0.8372846524717399,0.927594308552959,0,0.5,0.8372846524717399,Control
1356,-2.2135514997687302,2.1714613635199616,8.30266808851119,-0.04209013624876867,0.9850518426535639,0,0.5,-0.04209013624876867,Control
1357,1.9507107169438704,-1.2383672411642117,4.398633944339086,0.7123434757796587,0.10778996080140085,0,0.5,0.7123434757796587,Control
1359,-2.2968846141819097,0.11739551123149243,-2.2106234464515566,-2.1794891029504173,0.5467266795019651,0,0.5,-2.1794891029504173,Control
1360,-1.3959482567256294,0.958210785432544,0.9194929546291482,-0.4377374712930854,0.8310217601499226,0,0.5,-0.4377374712930854,Control
1361,0.9586912857323342,0.24652786729905693,1.2035071980919054,1.2052191530313912,0.5973631825062496,1,0.5,1.2035071980919054,Treatment
1362,-1.7609338631370552,0.5919376365314196,-0.7641847137865394,-1.1689962266056355,0.723053825054829,1,0.5,-0.7641847137865394,Treatment
1369,0.5744011057447063,0.3374023461828934,0.970782965255595,0.9118034519275997,0.6320931918779554,1,0.5,0.970782965255595,Treatment
1370,0.8699298291534336,1.1088559226761738,3.8834807049995783,1.9787857518296075,0.8662538294288227,0,0.5,1.9787857518296075,Control
1378,0.8488142471327478,1.1722488663748116,4.183273489754216,2.0210631135075596,0.8794514227843495,1,0.5,4.183273489754216,Treatment
1379,-1.2561715536113127,0.8050032618501184,0.44239058049240687,-0.45116829176119433,0.7895911012516896,1,0.5,0.44239058049240687,Treatment
1381,0.6241823086935838,1.0039606917651709,3.14203679579537,1.6281430004587547,0.8423012196225497,0,0.5,1.6281430004587547,Control
1382,-0.43327859322315276,0.5608811784906133,0.4763373887921921,0.1276025852674605,0.7125607291897073,0,0.5,0.1276025852674605,Control
1384,-0.16487075007243857,-0.9476701097503982,1.157451468881026,-1.1125408598228368,0.1716487110614935,0,0.5,-1.1125408598228368,Control
1385,-0.39017331725972104,-0.6391075038406486,0.1071897337508041,-1.0292808211003697,0.2613764993493609,0,0.5,-1.0292808211003697,Control
1386,-0.27017229711032653,1.0726057841759926,2.567096931473262,0.8024334870656661,0.8582759857817429,0,0.5,0.8024334870656661,Control
1388,-1.3750773082469416,-0.37637520305660127,-1.2799483228234465,-1.7514525113035428,0.3533189890626943,0,0.5,-1.7514525113035428,Control
1390,0.06142992782044349,0.917313481838291,2.2030147166641663,0.9787434096587345,0.820510802653594,1,0.5,2.2030147166641663,Treatment
1391,0.0577166164471845,-0.3333925946187134,0.11332156343102334,-0.2756759781715289,0.36941897618751,1,0.5,0.11332156343102334,Treatment
1392,1.0550909466014,0.6800132441937748,2.3199335932561724,1.735104190795175,0.7517519625453655,1,0.5,2.3199335932561724,Treatment
1393,-0.31568017988999564,0.17154773453330147,-0.17104906217632876,-0.14413244535669417,0.568103450021544,0,0.5,-0.14413244535669417,Control
1394,2.0060808497546283,1.2132626458937337,5.556724668543621,3.2193434956483618,0.8874852902129553,1,0.5,5.556724668543621,Treatment
1396,0.8434770083247206,-0.5295382122700767,1.1395293386980598,0.3139387960546439,0.2982160718812914,0,0.5,0.3139387960546439,Control
1397,-0.5412158943587783,0.21619901485844695,-0.33963235887802884,-0.3250168795003313,0.5855836892908381,0,0.5,-0.3250168795003313,Control
1398,-0.35575813265042455,0.4114964943933573,0.18864884434229878,0.05573836174293273,0.6596457443705539,0,0.5,0.05573836174293273,Control
1399,-0.024361673583780344,-0.05995434293991493,-0.047149798579023953,-0.08431601652369528,0.47609599914579026,1,0.5,-0.047149798579023953,Treatment
1400,-0.6524346247247691,0.7162468505729662,0.7317079024731,0.06381222584819712,0.7630805306339106,1,0.5,0.7317079024731,Treatment
1403,1.8573339758139988,0.9823675939610053,4.27860995212397,2.839701569775004,0.8370406074001855,1,0.5,4.27860995212397,Treatment
1404,-0.6913236766423231,1.1659422807663467,2.610490267898111,0.47461860412402357,0.8781811085904396,1,0.5,2.610490267898111,Treatment
1407,-0.7733552965626892,0.8978409523329763,1.2878019309761708,0.12448565577028714,0.8153648258416955,0,0.5,0.12448565577028714,Control
1408,0.6425390503120257,0.9469189005514103,2.9093093090307143,1.5894579508634359,0.8281599469776575,1,0.5,2.9093093090307143,Treatment
1410,-0.38540189270841196,0.8999684175292786,1.684468621156535,0.5145665248208666,0.8159314709041932,0,0.5,0.5145665248208666,Control
1411,0.8204631232424444,0.48721968066465654,1.5388389980287125,1.307682803907101,0.6869486700893208,0,0.5,1.307682803907101,Control
1412,-0.4458493320156794,0.5226730818022418,0.3618615097667474,0.07682374978656242,0.6993991132110264,0,0.5,0.07682374978656242,Control
1413,0.5492532857677622,-0.37010242882663874,0.6381536870011972,0.17915085694112348,0.35565308623539443,0,0.5,0.17915085694112348,Control
1414,-0.54401180711493,-0.5346744005506545,-0.23959557818185384,-1.0786862076655845,0.2964375131356296,0,0.5,-1.0786862076655845,Control
1415,-1.0353976056514056,0.9358973405973071,1.1843587289214716,-0.09950026505409848,0.8253369767111239,0,0.5,-0.09950026505409848,Control
1417,0.3484443876224031,-0.10533199516289111,0.31796804845094817,0.243112392459512,0.4580561878560415,1,0.5,0.31796804845094817,Treatment
1418,0.22788355032260832,-0.2537306257346059,0.22977669832665468,-0.0258470754119976,0.3998518361093961,1,0.5,0.22977669832665468,Treatment
1419,-0.37818903297789963,-0.3423746890965573,-0.3149355220582497,-0.720563722074457,0.36603446698337483,1,0.5,-0.3149355220582497,Treatment
1422,1.4371253608383425,0.18146276094757482,1.5937142085335634,1.6185881217859173,0.571997819837127,1,0.5,1.5937142085335634,Treatment
1425,-1.255479871683248,-0.6308199465955401,-0.7750222349354181,-1.886299818278788,0.264079129842703,1,0.5,-0.7750222349354181,Treatment
1426,-0.8971779896410186,0.4013622324252244,-0.3743135901936867,-0.4958157572157942,0.6559232743283171,1,0.5,-0.3743135901936867,Treatment
1427,1.1629692979502917,-0.1879269783282242,1.1396389071533333,0.9750423196220674,0.42546694693034937,0,0.5,0.9750423196220674,Control
1430,-0.3894068134099597,-0.4639993211864573,-0.19081573388020198,-0.853406134596417,0.32132411598552757,1,0.5,-0.19081573388020198,Treatment
1432,-0.6925829910337502,0.6019999984671193,0.3332250045086327,-0.09058299256663094,0.7264129307920069,1,0.5,0.3332250045086327,Treatment
1433,1.675260706112106,0.627635343880691,2.776930627828918,2.302896049992797,0.7348785751270386,1,0.5,2.776930627828918,Treatment
1436,1.3171201707985303,-0.2572550332765862,1.3208529584525122,1.0598651375219441,0.3984909513603557,1,0.5,1.3208529584525122,Treatment
1440,-1.1427310965626745,0.13383345182638273,-1.0399915849939536,-1.0088976447362916,0.5532328627961938,0,0.5,-1.0088976447362916,Control
1441,-0.9075595169356802,0.09032121375060664,-0.8460830667536112,-0.8172383031850735,0.5359840185436132,0,0.5,-0.8172383031850735,Control
1444,-0.5095894314550065,1.1289782468123386,2.6040834555020864,0.6193888153573321,0.8705464948430004,1,0.5,2.6040834555020864,Treatment
1446,-0.7353858516770648,2.6503321542095213,14.638301280701459,1.9149463025324565,0.9959793664181773,0,0.5,1.9149463025324565,Control
1448,0.6654345930525574,-0.07571042643286299,0.6390435171774178,0.5897241666196944,0.4698247403553609,1,0.5,0.6390435171774178,Treatment
1449,-0.10145500062058052,1.541457862458305,5.4214586140776255,1.4400028618377245,0.9383973046041071,1,0.5,5.4214586140776255,Treatment
1452,1.5901270218171963,0.9742000039720361,3.975358319281445,2.5643270257892326,0.8350213786451202,0,0.5,2.5643270257892326,Control
1453,2.0780210123022185,0.7452116927093724,3.5613077925584404,2.823232705011591,0.7719281223171436,1,0.5,3.5613077925584404,Treatment
1454,1.828181720225206,-0.21407976726888878,1.8128021300985648,1.6141019529563172,0.41524242671256373,1,0.5,1.8128021300985648,Treatment
1456,0.1643350334524392,0.6503467371164616,1.335410158966726,0.8146817705689008,0.7422658630778175,0,0.5,0.8146817705689008,Control
1457,-0.17638272609663713,-0.05032421133134282,-0.19647977927006524,-0.22670693742797995,0.4799320151790716,1,0.5,-0.19647977927006524,Treatment
1464,0.46708636801485354,0.7682893082500811,2.0317679444826706,1.2353756762649346,0.7788423373876561,0,0.5,1.2353756762649346,Control
1465,0.03447785784435546,0.39374047527697226,0.5414112192255135,0.42821833312132773,0.6531136723477053,1,0.5,0.5414112192255135,Treatment
1471,-0.30662805789208475,0.5479117923043072,0.5677425025523053,0.24128373441222245,0.7081237643304988,0,0.5,0.24128373441222245,Control
1472,-1.0138366427540777,0.8161437967945611,0.7264166497356863,-0.19769284595951664,0.7927910513757597,1,0.5,0.7264166497356863,Treatment
1473,-0.9961214558443577,0.6118856744621293,0.05862953861065645,-0.38423578138222847,0.7296932998433869,1,0.5,0.05862953861065645,Treatment
1477,-1.1654274495061623,0.5735382577817969,-0.22076605433650598,-0.5918891917243654,0.7168598485143832,0,0.5,-0.5918891917243654,Control
1479,7.338389874605094e-5,0.12850112242208603,0.09734902203726094,0.1285745063208321,0.5511237949875981,0,0.5,0.1285745063208321,Control
1481,-1.0156151992080653,-1.2924264783508423,1.6789039655012343,-2.308041677558908,0.09810474595772116,0,0.5,-2.308041677558908,Control
1484,0.666045700265227,-0.5939699593965757,1.0746613458980787,0.07207574086865132,0.2762661027660143,0,0.5,0.07207574086865132,Control
1487,-0.801442250367433,-0.15854307776477805,-0.8304419742355651,-0.959985328132211,0.4370144393671471,1,0.5,-0.8304419742355651,Treatment
1488,-1.8112614854644964,0.4174881581793209,-1.2539246819349126,-1.3937733272851756,0.6618393079307827,1,0.5,-1.2539246819349126,Treatment
1493,0.21368906000405144,0.8103287377849452,1.9321187554568091,1.0240177977889966,0.7911243685649819,0,0.5,1.0240177977889966,Control
1494,0.953970901315899,-0.27762067413634,0.9693070416635607,0.676350227179559,0.3906517800561189,0,0.5,0.676350227179559,Control
1496,0.4530072303268159,1.1854903674059967,3.856527236454624,1.6384975977328127,0.8820881895120825,1,0.5,3.856527236454624,Treatment
1500,0.7634666597868316,-0.3626999423324698,0.8452191849565506,0.40076671745436176,0.35841452140125996,1,0.5,0.8452191849565506,Treatment
1501,-0.8785080452382601,0.2820771473355895,-0.5783344374724977,-0.5964308979026707,0.6110578221037348,0,0.5,-0.5964308979026707,Control
1503,-0.5816841038561712,-1.1116467967615733,1.334009699263575,-1.6933309006177444,0.13314502169411843,0,0.5,-1.6933309006177444,Control
1504,-0.9233933995297541,1.7865138131794378,6.353126716421835,0.8631204136496837,0.9629919486481139,0,0.5,0.8631204136496837,Control
1506,-1.3247496145609081,0.42958817135502725,-0.740863534947082,-0.8951614432058809,0.6662523784661197,1,0.5,-0.740863534947082,Treatment
1508,0.472061301023668,-0.15753889877525243,0.44292886089068023,0.31452240224841554,0.43741007691527595,1,0.5,0.44292886089068023,Treatment
1509,0.31095765609070886,-0.5933519559107018,0.7184147653014687,-0.2823942998199929,0.27647281732265006,0,0.5,-0.2823942998199929,Control
1513,-1.3128068021150174,2.2983736508714143,10.401422901360677,0.9855668487563969,0.9892297340738668,0,0.5,0.9855668487563969,Control
1514,-0.08182581905485363,-0.21431900397755102,-0.09712005011177008,-0.29614482303240464,0.4151491496482139,0,0.5,-0.29614482303240464,Control
1518,1.2041234324304013,-0.014782429326941843,1.1971692582005424,1.1893410031034595,0.4941028787085895,0,0.5,1.1893410031034595,Control
1519,0.35672453029405077,1.104783298186646,3.3502084512917008,1.4615078284806966,0.8653732503759992,0,0.5,1.4615078284806966,Control
1521,0.9529259845524587,0.6311064334849816,2.0650698620672165,1.5840324180374403,0.7360145325701394,1,0.5,2.0650698620672165,Treatment
1523,1.2537069484745764,0.9366221962636704,3.4765403236739747,2.190329144738247,0.8255235348339849,1,0.5,3.4765403236739747,Treatment
1524,-0.5416170989161653,1.138439615695938,2.6196922261036333,0.5968225167797727,0.8725315200948283,0,0.5,0.5968225167797727,Control
1526,-0.21689873883934435,1.3559637763489525,4.138358674876156,1.139065037509608,0.9124446531352317,1,0.5,4.138358674876156,Treatment
1530,1.3396924873417109,-0.2812155488506797,1.357249082747149,1.0584769384910313,0.3892725397145906,1,0.5,1.357249082747149,Treatment
1531,-0.2542007120941077,1.9127981887308076,8.019792203895014,1.6585974766367,0.9721130534323366,0,0.5,1.6585974766367,Control
1532,-0.8131911892657102,-1.0857839748734035,1.0017705034813635,-1.8989751641391137,0.1387872889461459,0,0.5,-1.8989751641391137,Control
1533,0.4192693302030111,0.5484021452040161,1.2949602285337525,0.9676714754070272,0.7082920981054305,0,0.5,0.9676714754070272,Control
1538,1.269762012918801,0.8655457661515644,3.20087384260038,2.1353077790703656,0.8066303460581274,1,0.5,3.20087384260038,Treatment
1539,-1.897772853755814,1.3560984348360945,2.4582822935920436,-0.5416744189197196,0.9124660745933653,1,0.5,2.4582822935920436,Treatment
1541,-1.454082079654863,-0.021604530107355288,-1.4639508332662214,-1.4756866097622183,0.4913817099365508,0,0.5,-1.4756866097622183,Control
1542,0.8569308613860044,-0.576847301858119,1.2340128297789286,0.28008355952788533,0.28202130621675436,1,0.5,1.2340128297789286,Treatment
1543,-2.071557091395362,-0.4978690348432561,-1.8247444571054792,-2.5694261262386178,0.30928817692721033,1,0.5,-1.8247444571054792,Treatment
1544,1.9472325442264637,1.1890883359587325,5.369638853632045,3.1363208801851963,0.882797546110457,1,0.5,5.369638853632045,Treatment
1547,0.12750613574369626,1.2281492660080224,3.7582820079397963,1.3556554017517186,0.8903045301071915,1,0.5,3.7582820079397963,Treatment
1549,1.6034248779481377,-0.3615059916443526,1.6840450461154948,1.241918886303785,0.3588606133657629,1,0.5,1.6840450461154948,Treatment
1553,0.9098589694758509,0.44791747920407393,1.5350778454309517,1.3577764486799249,0.6728936234458824,0,0.5,1.3577764486799249,Control
1555,1.1421545782090057,2.3064631662048636,12.934930835430967,3.4486177444138693,0.9894576170032465,1,0.5,12.934930835430967,Treatment
1556,-0.5016444327719775,0.0879615609927591,-0.4421891798510321,-0.41368287177921836,0.535046386219263,1,0.5,-0.4421891798510321,Treatment
1557,0.8237357947644938,-1.385328126619562,3.9693397682612437,-0.5615923318550683,0.08297607852755526,0,0.5,-0.5615923318550683,Control
1560,-1.9550558595730825,0.6486538787811303,-0.7892252112669067,-1.3064019807919522,0.7417189391207115,1,0.5,-0.7892252112669067,Treatment
1561,2.018113407590974,0.08683728396417008,2.0766134773456066,2.104950691555144,0.5345995743857812,0,0.5,2.104950691555144,Control
1562,-0.9530342391409261,0.02691546662544457,-0.938127621140873,-0.9261187725154816,0.5107364212982733,0,0.5,-0.9261187725154816,Control
1565,1.1520358710561653,0.11545244996870221,1.2364206324480678,1.2674883210248675,0.5459567461009901,0,0.5,1.2674883210248675,Control
1566,-0.38966098892655127,-0.08537282578999862,-0.4177703630548117,-0.4750338147165499,0.46598249807551057,0,0.5,-0.4750338147165499,Control
1568,-0.031208643809545508,-0.782609715135785,0.8024424310723911,-0.8138183589453305,0.21692816735039822,0,0.5,-0.8138183589453305,Control
1569,-0.19290685495542276,0.05362515341826366,-0.16034296408802629,-0.1392817015371591,0.5213830920940546,1,0.5,-0.16034296408802629,Treatment
1572,-1.3898381258469894,0.13566908071584943,-1.2851913865644973,-1.25416904513114,0.5539585541543279,1,0.5,-1.2851913865644973,Treatment
1574,0.027486058051139576,0.38451439754911804,0.515445900670821,0.4120004556002576,0.649701386558193,0,0.5,0.4120004556002576,Control
1575,-0.3621879718914032,-1.0075310729994666,1.1642842177277766,-1.3697190448908698,0.15683981661071655,0,0.5,-1.3697190448908698,Control
1578,-0.7070552443995115,-0.275337875283944,-0.6931022909097301,-0.9823931196834554,0.391528334140618,1,0.5,-0.6931022909097301,Treatment
1581,0.9915286814409043,-0.17813963826916493,0.9659263237516598,0.8133890431717394,0.4293066565084773,1,0.5,0.9659263237516598,Treatment
1582,-1.202260349058957,0.30726340652362816,-0.8598070438201342,-0.8949969425353288,0.6206785566732483,1,0.5,-0.8598070438201342,Treatment
1588,1.2192692646628904,0.12599109403060005,1.3140123232282455,1.3452603586934906,0.550130512834361,1,0.5,1.3140123232282455,Treatment
1590,0.6535408730247724,0.5026922160733885,1.4102859092630156,1.156233089098161,0.6924096584031458,0,0.5,1.156233089098161,Control
1591,-0.3549229397336536,0.5784422071533204,0.6034889378758164,0.22351926741966682,0.71851719744817,0,0.5,0.22351926741966682,Control
1595,-0.7430611616822188,1.6289983621082045,5.3787093468743095,0.8859372004259857,0.9483433171584552,1,0.5,5.3787093468743095,Treatment
1597,0.8317602889888146,0.14452805524296625,0.9458010341149256,0.9762883442317809,0.5574582479321132,0,0.5,0.9762883442317809,Control
1598,0.9423805814589287,0.1282166656058603,1.039367940940029,1.0705972470647889,0.5510112441606874,0,0.5,1.0705972470647889,Control
1602,-0.16683905431924348,-0.7413720659455497,0.5617399930367268,-0.9082111202647932,0.22923393844482295,0,0.5,-0.9082111202647932,Control
1605,-2.003205699263064,-0.8847371845892905,-0.8800545199677403,-2.887942883852354,0.1881491977271684,1,0.5,-0.8800545199677403,Treatment
1606,-0.27769300611789605,0.2691211088623921,0.0017198907839469646,-0.008571897255503946,0.6060817565215229,0,0.5,-0.008571897255503946,Control
1607,0.9388083144827936,2.527237963074323,14.97629074002806,3.4660462775571164,0.9942518211025744,1,0.5,14.97629074002806,Treatment
1610,-0.10362052493243383,2.348517783703344,12.101709927660972,2.2448972587709104,0.9905758504475308,0,0.5,2.2448972587709104,Control
1611,0.9667043230769904,0.46102699612000125,1.6223096034398543,1.4277313191969916,0.6776103815732881,1,0.5,1.6223096034398543,Treatment
1612,0.05129766028122602,0.2947471451917525,0.3724229920744783,0.3460448054729785,0.6159064772475191,1,0.5,0.3724229920744783,Treatment
1613,0.31735236882135864,-0.8445473684012557,1.3215991995677032,-0.527194999579897,0.19918180274197964,1,0.5,1.3215991995677032,Treatment
1615,-0.461528513804665,1.4570965369187643,4.513280390456028,0.9955680231140993,0.9274551328942569,0,0.5,0.9955680231140993,Control
1616,1.1019038198151805,-1.4254704762928405,4.453100739233835,-0.32356665647766003,0.07701062423916588,0,0.5,-0.32356665647766003,Control
1618,-0.12865817530307433,0.6198666407402691,0.9497444496723119,0.49120846543719476,0.7323272049868984,1,0.5,0.9497444496723119,Treatment
1620,0.37709021779198976,0.15730725864433498,0.5052349943585487,0.5343974764363247,0.5624986500442174,0,0.5,0.5343974764363247,Control
1622,-1.1605437707907151,1.295005573383651,2.8410378860905476,0.13446180259293583,0.9023408465745382,0,0.5,0.13446180259293583,Control
1623,0.8648103641145121,1.8740120809446827,8.825658963640093,2.7388224450591947,0.9695356199958807,1,0.5,8.825658963640093,Treatment
1625,0.8205813854872382,0.7151047039699028,2.2008832127519544,1.535686089457141,0.7627278262428069,1,0.5,2.2008832127519544,Treatment
1629,0.522301717512084,1.5963474735525598,6.417125966923646,2.1186491910646437,0.9447943817820951,0,0.5,2.1186491910646437,Control
1633,1.70525430685082,1.1804771993290712,5.082545742786971,2.885731506179891,0.8810947631752413,1,0.5,5.082545742786971,Treatment
1635,-0.3175626032684963,0.2592480226749896,-0.053519517409217676,-0.05831458059350669,0.6022780597269807,1,0.5,-0.053519517409217676,Treatment
1637,-2.980786738682939,0.21171153279110624,-2.7852874260538667,-2.769075205891833,0.583833954909689,0,0.5,-2.769075205891833,Control
1640,-0.5756424185506203,0.9225856479700838,1.5879789611151804,0.34694322941946354,0.821888411114734,1,0.5,1.5879789611151804,Treatment
1641,0.36690763430378887,1.021442928778713,2.9643204121972153,1.388350563082502,0.8464776823533634,1,0.5,2.9643204121972153,Treatment
1644,0.024780516125158178,2.4420509699711186,13.173031880984482,2.4668314860962766,0.9926979577133701,1,0.5,13.173031880984482,Treatment
1646,-0.8189165208516561,0.9573566918151218,1.4928254957822928,0.13844017096346573,0.8308063750842436,0,0.5,0.13844017096346573,Control
1651,-0.2508425162525931,0.08080957472017704,-0.1973773541595928,-0.17003294153241605,0.5322033032750246,1,0.5,-0.1973773541595928,Treatment
1652,0.20246830137184893,1.8908978763689794,8.298906797269773,2.0933661777408283,0.9706810110071887,0,0.5,2.0933661777408283,Control
1655,1.9339492034394685,1.9871772854415484,10.825284973709923,3.9211264888810167,0.9765486229599126,1,0.5,10.825284973709923,Treatment
1656,-0.9228127595556069,0.2268357111863121,-0.7064860242236509,-0.6959770483692949,0.5897242530535158,0,0.5,-0.6959770483692949,Control
1659,-1.9792353324229686,-0.1448939916401645,-2.0096937906162107,-2.124129324063133,0.4423972851757221,0,0.5,-2.124129324063133,Control
1662,0.3416279781642004,-0.29050537527095993,0.36516203665136293,0.05112260289324044,0.38571481956975673,1,0.5,0.36516203665136293,Treatment
1663,0.34078111421784457,0.18050194511920048,0.49619399116107454,0.521283059337045,0.5716207362541718,0,0.5,0.521283059337045,Control
1664,1.3262520709823802,0.14071851434583202,1.4362147287146925,1.4669705853282122,0.5559538408485609,0,0.5,1.4669705853282122,Control
1666,-1.509323008173305,0.8172271521189429,0.23501100420704235,-0.692095856054362,0.7931006857471619,1,0.5,0.23501100420704235,Treatment
1667,0.6400678317515737,0.5791075666994904,1.6003527627185283,1.219175398451064,0.7187417026404561,1,0.5,1.6003527627185283,Treatment
1668,-0.4705140655455987,0.18665599840976452,-0.3075051428560244,-0.28385806713583417,0.5740348210744776,0,0.5,-0.28385806713583417,Control
1669,2.066333379365302,0.24512778709755528,2.3090725369287686,2.3114611664628573,0.59682125592653,1,0.5,2.3090725369287686,Treatment
1670,-1.8447663615776768,-0.8351537680139254,-0.8673796131289244,-2.6799201295916024,0.20181556816638985,1,0.5,-0.8673796131289244,Treatment
1672,1.4021716798314414,0.9817243335115193,3.8205991806044746,2.3838960133429605,0.8368821629555895,0,0.5,2.3838960133429605,Control
1673,-1.5383901012525312,0.9144300460238459,0.5911895399017377,-0.6239600552286853,0.8197545400159164,1,0.5,0.5911895399017377,Treatment
1676,-0.45848878822889394,1.967258368243651,8.265351370742277,1.5087695800147571,0.9754232839994852,0,0.5,1.5087695800147571,Control
1677,0.07869287981717053,1.7345458558270586,6.963264459664345,1.813238735644229,0.9585893615751006,0,0.5,1.813238735644229,Control
1678,-0.7235991493122496,0.2641654588625299,-0.45194964056888265,-0.45943369044971966,0.6041737871206079,1,0.5,-0.45194964056888265,Treatment
1679,0.8746194180561313,-0.5910299803010248,1.2777373031348784,0.2835894377551065,0.27725016670727465,0,0.5,0.2835894377551065,Control
1680,-0.025394457521709272,0.9428687457413726,2.224042858740795,0.9174742882196633,0.8271259784583072,1,0.5,2.224042858740795,Treatment
1682,2.907800109923134,0.885317181727662,4.918031725311385,3.793117291650796,0.8120072071600745,0,0.5,3.793117291650796,Control
1686,-0.5979271601284633,1.8857951730530038,7.457417295818056,1.2878680129245406,0.9703387191721492,1,0.5,7.457417295818056,Treatment
1687,-0.1020582678165696,1.1512906098564504,3.12452717379893,1.0492323420398808,0.8751936505268795,1,0.5,3.12452717379893,Treatment
1689,0.9258430407321091,0.6144535695250879,1.988176203698897,1.5402966102571969,0.7305421771012973,0,0.5,1.5402966102571969,Control
1690,-0.833174048646713,0.5854550578100524,0.1450687296890567,-0.2477189908366606,0.7208791113844369,1,0.5,0.1450687296890567,Treatment
1691,0.7602550493264165,-0.038570079421492987,0.7439453116688306,0.7216849699049235,0.48461657884856957,1,0.5,0.7439453116688306,Treatment
1692,0.6920213525919366,0.4095881102487469,1.2323402478305894,1.1016094628406836,0.6589459398672635,0,0.5,1.1016094628406836,Control
1694,0.17278445131349993,0.5179583500449927,0.9683253310986587,0.6907428013584926,0.6977563354063563,0,0.5,0.6907428013584926,Control
1695,-0.4822747508889997,1.976360407873991,8.317906376671692,1.4940856569849912,0.9759430138234652,0,0.5,1.4940856569849912,Control
1697,0.14412186771252386,0.019483230846066683,0.15462267570395946,0.16360509855859054,0.5077721928242874,0,0.5,0.16360509855859054,Control
1702,0.6122203869082046,-0.4011751809941738,0.7335158481025339,0.21104520591403075,0.3441455761236365,0,0.5,0.21104520591403075,Control
1704,0.5651189914395266,0.4627576571291602,1.2247871184674457,1.0278766485686868,0.678230957405512,1,0.5,1.2247871184674457,Treatment
1705,0.9092623776765247,1.4145680086590369,5.618551684249229,2.323830386335562,0.9214024029191098,0,0.5,2.323830386335562,Control
1706,0.9293307076382519,1.6292172762582133,7.0526372122838215,2.558547983896465,0.9483664845318736,1,0.5,7.0526372122838215,Treatment
1707,-0.056220143642854686,-0.04636639103970283,-0.07510365472661283,-0.10258653468255752,0.4815091118772186,1,0.5,-0.07510365472661283,Treatment
1709,-1.5195159450377436,0.6264785901211486,-0.42132580221680516,-0.893037354916595,0.7344994622114949,1,0.5,-0.42132580221680516,Treatment
1711,-0.5779506058071936,-1.2359542935242636,1.8592382787927977,-1.8139048993314573,0.10823777686671766,1,0.5,1.8592382787927977,Treatment
1713,-0.7053263962007453,0.010784461865107883,-0.6997015560327514,-0.6945419343356375,0.5043022944130889,1,0.5,-0.6997015560327514,Treatment
1717,-2.275722190696871,0.2942830426965964,-1.9553756509110394,-1.9814391480002749,0.6157291853857917,0,0.5,-1.9814391480002749,Control
1719,1.157659241287262,0.6803957492020722,2.4237338669527966,1.8380549904893342,0.7518730440767311,1,0.5,2.4237338669527966,Treatment
1721,-0.910160248182047,1.3725924446313273,3.544156012251624,0.46243219644928035,0.9150604589964513,0,0.5,0.46243219644928035,Control
1724,-0.5242042431023247,-0.726100875532376,0.16719028202925312,-1.2503051186347007,0.23388846617226686,0,0.5,-1.2503051186347007,Control
1726,-1.2137480386844124,2.3310981861727473,10.819838561557708,1.117350147488335,0.9901259085382852,0,0.5,1.117350147488335,Control
1728,0.7097086077854813,0.9016274717099871,2.786386539124762,1.6113360794954685,0.8163726036870174,1,0.5,2.786386539124762,Treatment
1731,0.05122784256023012,1.2100576396502527,3.584735644937238,1.2612854822104829,0.8868716119226,1,0.5,3.584735644937238,Treatment
1733,0.5564794508642017,0.748133644026048,2.049954171524613,1.3046130948902497,0.7728102247654072,0,0.5,1.3046130948902497,Control
1735,0.8525934392123642,2.1949995302606706,11.58613908003183,3.047592969473035,0.985918184281339,0,0.5,3.047592969473035,Control
1736,-2.253867264603867,0.33874039534820183,-1.8550069560484537,-1.915126869255665,0.6325973466257616,1,0.5,-1.8550069560484537,Treatment
1737,-0.43907915802340886,-0.08293300041848212,-0.466789893115826,-0.522012158441891,0.46695240693791984,1,0.5,-0.466789893115826,Treatment
1742,-0.15327905571214076,0.11153954700766812,-0.0726271411149551,-0.04173950870447264,0.5444057463711273,0,0.5,-0.04173950870447264,Control
1743,0.9877460843178126,1.451919977383945,5.9298493144629765,2.439666061701758,0.9267380714670614,1,0.5,5.9298493144629765,Treatment
1748,1.7364067737834676,0.38614081169821496,2.227686632550488,2.1225475854816827,0.6503038070262446,1,0.5,2.227686632550488,Treatment
1749,0.8712679954254156,1.6823036159711775,7.372710716030403,2.553571611396593,0.953745009843066,0,0.5,2.553571611396593,Control
1751,1.0284966876180153,-0.16657899358636533,1.0007043130333253,0.86191769403165,0.4338506617128937,1,0.5,1.0007043130333253,Treatment
1753,-1.2283400762717707,-0.11034406668074641,-1.259160483508854,-1.3386841429525171,0.4560682552285556,1,0.5,-1.259160483508854,Treatment
1755,-0.27797451159753006,0.17502530234045918,-0.12919414750856217,-0.10294920925707088,0.5694701239694229,0,0.5,-0.10294920925707088,Control
1756,0.3209572814712806,-0.6395814800714014,0.8192954807362287,-0.31862419860012076,0.2612223629460894,0,0.5,-0.31862419860012076,Control
1757,-0.6108178003019064,0.1506578328278393,-0.49009331870322437,-0.46015996747406707,0.5598771810025809,1,0.5,-0.49009331870322437,Treatment
1758,1.0335809011316652,1.19485386967136,4.486359375704592,2.228434770803025,0.8839279355636172,0,0.5,2.228434770803025,Control
1759,-0.5819455586293876,0.4426472608260715,0.03125126681729651,-0.1392982978033161,0.6709895526010762,0,0.5,-0.1392982978033161,Control
1761,-1.0679347134917425,0.9923347464561373,1.3976891577846586,-0.07559996703560523,0.8394828705551483,0,0.5,-0.07559996703560523,Control
1764,1.3266856764227142,1.5543835303032139,6.9360937601300865,2.881069206725928,0.9399535202932487,0,0.5,2.881069206725928,Control
1768,-0.09881478948846804,-0.877312028804615,1.0018819878797636,-0.976126818293083,0.19015859023093443,0,0.5,-0.976126818293083,Control
1771,-2.0668059341800196,-0.07404203561141713,-2.0928625059107633,-2.140847969791437,0.4704884687272999,0,0.5,-2.140847969791437,Control
1772,-0.7826163614617753,1.0591142136672063,1.9903865805556373,0.276497852205431,0.855226116248671,1,0.5,1.9903865805556373,Treatment
1783,0.20435701056154904,-0.8374425451354442,1.1882557707996881,-0.6330855345738953,0.20117192978830215,0,0.5,-0.6330855345738953,Control
1786,-1.2017384665009987,1.1417460770051027,1.9763027807146363,-0.059992389495896026,0.8732202089360961,1,0.5,1.9763027807146363,Treatment
1787,0.3398686096886876,0.252415543263903,0.5935035942830617,0.5922841529525906,0.5996400563779288,0,0.5,0.5922841529525906,Control
1788,0.2911114925519466,1.5063531435759545,5.5824876506622445,1.7974646361279012,0.9340117288070257,1,0.5,5.5824876506622445,Treatment
1792,0.17721040759311008,1.5261394536070303,5.598483398108555,1.7033498612001403,0.9365124308834205,0,0.5,1.7033498612001403,Control
1795,1.0776418054778654,1.5630894613697974,6.745683864653411,2.640731266847663,0.9409842229649272,0,0.5,2.640731266847663,Control
1798,-1.0199252645816683,0.5874839707083326,-0.0359084475490441,-0.43244129387333574,0.7215606435983817,0,0.5,-0.43244129387333574,Control
1799,-1.1317113933240641,1.0424680841913958,1.563002061886992,-0.08924330913266831,0.8514026424702996,0,0.5,-0.08924330913266831,Control
1801,0.9316741726338794,0.9788187076716536,3.337255651445718,1.910492880305533,0.8361652177560249,1,0.5,3.337255651445718,Treatment
1803,-1.1076125058565436,0.6672838367764374,0.11656485017784157,-0.44032866908010615,0.7477045756476254,1,0.5,0.11656485017784157,Treatment
1804,-0.050911497914679485,0.8298391536829043,1.7412741208970905,0.7789276557682248,0.7966851347704884,1,0.5,1.7412741208970905,Treatment
1806,0.0771932401040069,0.47445613927392266,0.7646385659304,0.5516493793779296,0.6824126659526463,1,0.5,0.7646385659304,Treatment
1808,-0.6880774259662038,1.0599994511432504,2.0891199724534055,0.37192202517704664,0.8554275754878109,0,0.5,0.37192202517704664,Control
1810,0.5362281297447254,0.5415722788743847,1.3936153356723064,1.0778004086191102,0.7059434035343719,1,0.5,1.3936153356723064,Treatment
1812,0.4087988240464546,0.3058754397734933,0.7488561132464571,0.7146742638199479,0.6201502567420113,0,0.5,0.7146742638199479,Control
1815,1.0408889949502818,1.0505724451353555,3.7735801424733193,2.091461440085637,0.8532724989892769,0,0.5,2.091461440085637,Control
1818,-0.19512041580830167,-0.16470980337735694,-0.22321667883976498,-0.3598302191856586,0.43458620019860217,1,0.5,-0.22321667883976498,Treatment
1819,-1.092453293526881,1.1901228743359853,2.3353930556766067,0.09766958080910437,0.8830009495373052,1,0.5,2.3353930556766067,Treatment
1820,0.5934680728176215,0.3454575144686058,1.0048786186575782,0.9389255872862272,0.6351247774938581,0,0.5,0.9389255872862272,Control
1821,-1.1227221205253142,1.2231713802464572,2.481160020505961,0.10044925972114305,0.8893675135940449,1,0.5,2.481160020505961,Treatment
1822,-1.0505394350949193,1.769988126268843,6.100170562304882,0.7194486911739237,0.9616354406258376,0,0.5,0.7194486911739237,Control
1823,1.331859923327674,1.0841253207108419,4.224578005695866,2.4159852440385157,0.8608453812839139,1,0.5,4.224578005695866,Treatment
1825,1.2579407652865002,0.7686554620255427,2.8239309349026724,2.026596227312043,0.7789510643663997,1,0.5,2.8239309349026724,Treatment
1832,-1.2893760943464085,-0.8547326404923509,-0.2556066411465314,-2.1441087348387593,0.19634958811228267,1,0.5,-0.2556066411465314,Treatment
1834,-1.794977076957884,0.6098363744416404,-0.7462580825528147,-1.1851407025162437,0.729014898325509,1,0.5,-0.7462580825528147,Treatment
1835,1.110642411483489,2.242868007526588,12.292990213619357,3.353510419010077,0.9875473363216227,0,0.5,3.353510419010077,Control
1836,-0.255702164508979,1.0281334146144498,2.372481179291783,0.7724312501054709,0.8480564627603605,0,0.5,0.7724312501054709,Control
1838,0.010245911496399713,2.1661212049107545,10.477468662679815,2.176367116407154,0.984849036891489,1,0.5,10.477468662679815,Treatment
1839,0.8215378126450928,-0.5905338312865863,1.2237313087898285,0.23100398135850653,0.2774164056461018,1,0.5,1.2237313087898285,Treatment
1840,0.2661659266089954,1.1078548806691104,3.2747782401882883,1.374020807278106,0.8660377529590713,1,0.5,3.2747782401882883,Treatment
1841,-0.7698338890491431,1.1252716637092195,2.3252745770992966,0.3554377746600764,0.8697630332631989,1,0.5,2.3252745770992966,Treatment
1844,0.306312604832423,0.9113692639622587,2.4231851074037705,1.2176818687946818,0.8189495786773104,0,0.5,1.2176818687946818,Control
1848,-1.4954061072278233,1.0028388863475142,1.0173849998873787,-0.49256722088030913,0.842030698401798,1,0.5,1.0173849998873787,Treatment
1849,0.7213835732835631,0.747397235781375,2.212287447281531,1.468780809064938,0.7725880932705961,0,0.5,1.468780809064938,Control
1850,1.62429969412045,0.997979898659891,4.115217399708808,2.622279592780341,0.840855446965804,0,0.5,2.622279592780341,Control
1851,-0.33368673801194326,-0.46403698035763274,-0.13504458991189955,-0.797723718369576,0.32131062554184353,1,0.5,-0.13504458991189955,Treatment
1852,-0.8705810501815834,0.6354277520703836,0.2546696820560501,-0.23515329811119978,0.7374252635269357,1,0.5,0.2546696820560501,Treatment
1853,1.4834017196209457,0.601649633900218,2.5081911005155875,2.0850513535211634,0.7262963086514104,1,0.5,2.5081911005155875,Treatment
1856,-0.8292465350180434,0.5968028020488931,0.1815020350732237,-0.23244373296915022,0.72468047652220835,0,0.5,-0.23244373296915022,Control
1857,-1.2370895724699056,0.6245153126816193,-0.14479316458145441,-0.6125742597882863,0.7338553914039504,0,0.5,-0.6125742597882863,Control
1858,-1.3317798879961418,-0.023932346964271146,-1.3426005470158409,-1.355712234960413,0.49045328626030166,1,0.5,-1.3426005470158409,Treatment
1860,-0.3732938699226647,0.7117936774673128,0.9959034473758737,0.3384998075446481,0.7617037257783887,0,0.5,0.3384998075446481,Control
1862,0.5321249254095346,0.03646058945390394,0.5530139693031388,0.5685855148634386,0.5145424485699056,0,0.5,0.5685855148634386,Control
1863,-0.9099741093620392,1.1105305399127936,2.1118473207523594,0.20055643055075445,0.8666147622545644,1,0.5,2.1118473207523594,Treatment
1865,-1.0326950058350364,0.7624929085850959,0.5113423197426303,-0.2702020972499405,0.7771170630227618,0,0.5,-0.2702020972499405,Control
1867,-0.904922981692556,0.9451237979696184,1.3541569042692854,0.0402008162770624,0.8277021614913058,1,0.5,1.3541569042692854,Treatment
1868,0.4183481461283713,-0.6289445200135124,0.8950183046316702,-0.21059637388514113,0.2646926891852953,0,0.5,-0.21059637388514113,Control
1874,-0.09725513021735317,-1.121310758916619,1.8567651264486653,-1.2185658891339721,0.1310778037385186,1,0.5,1.8567651264486653,Treatment
1876,1.652079015333735,1.3495265907038512,5.96928634871918,3.001605606037586,0.9114160573395986,1,0.5,5.96928634871918,Treatment
1877,0.3245751127035094,1.0133892431665341,2.885185250618058,1.3379643558700436,0.8445628623170043,0,0.5,1.3379643558700436,Control
1879,-1.4516859909936382,0.936977571546202,0.7726567339406989,-0.5147084194474362,0.8256149525071013,0,0.5,-0.5147084194474362,Control
1880,0.6911399192626453,0.018347636985841992,0.7009870093214947,0.70948755624848725,0.5073192374839322,1,0.5,0.7009870093214947,Treatment
1883,-0.1361028149220494,1.2753400971979973,3.7545519607189437,1.139237282275948,0.898905554402349,1,0.5,3.7545519607189437,Treatment
1884,-0.4721444868086066,-0.15774717320258042,-0.501249732103087,-0.629891660011187,0.43732801349437905,1,0.5,-0.501249732103087,Treatment
1885,1.618896568861849,2.342844374876245,13.7681582860785,3.961740943738094,0.9904313181402733,1,0.5,13.7681582860785,Treatment
1893,0.6149049753856128,1.047927749331657,3.3351739856900657,1.6628327247172698,0.8526640519081394,1,0.5,3.3351739856900657,Treatment
1897,0.45056171600979283,-0.3509083421354416,0.5213808741025603,0.09965337387435125,0.3628285564284127,0,0.5,0.09965337387435125,Control
1898,0.8494389515859979,-0.21725716926618566,0.8352117221480172,0.6321817823198123,0.4140039669228498,0,0.5,0.6321817823198123,Control
1901,-1.1500994747191324,0.494518800112682,-0.41374238733301794,-0.6555806746064504,0.6895300837865835,0,0.5,-0.6555806746064504,Control
1904,0.13768158311320317,0.2902880443815598,0.45135990272572396,0.42796962749476297,0.6142020577685513,1,0.5,0.45135990272572396,Treatment
1905,1.918271475483498,2.1649354522038173,12.374630226003301,4.083206927687315,0.984803685617901,1,0.5,12.374630226003301,Treatment
1906,-0.20290677413560881,0.08704763957972882,-0.14422837123293966,-0.11585913455588,0.5346831775588784,0,0.5,-0.11585913455588,Control
1907,0.2705888181011887,-0.39216700860247417,0.38209523907237763,-0.12157819050128549,0.3474674094850063,0,0.5,-0.12157819050128549,Control
1908,-0.09116882413300663,2.0321798435365652,9.184430930587872,1.9410110194035586,0.9789322736608653,1,0.5,9.184430930587872,Treatment
1910,0.13070463224789983,0.7795164690491442,1.7357547178101624,0.910221101297044,0.7821622299899729,0,0.5,0.910221101297044,Control
1911,-0.39620895233259706,1.1947306985099695,3.055919280846627,0.7985217461773724,0.8839038678295016,1,0.5,3.055919280846627,Treatment
1913,0.7839831976642786,0.01922887952151635,0.7943371370403427,0.8032120771857949,0.5076707403338382,0,0.5,0.8032120771857949,Control
1914,-0.8297541144537615,0.5322954601185395,0.003070529331123506,-0.297458654335222,0.7027393119723451,1,0.5,0.003070529331123506,Treatment
1915,0.13114781712753767,0.7444169652630804,1.6116695361020665,0.8755647823906181,0.7716878707709098,1,0.5,1.6116695361020665,Treatment
1917,0.04335043006651813,0.8340263671513715,1.8515635758496325,0.8773767972178896,0.7978669370778201,0,0.5,0.8773767972178896,Control
1919,-0.8412915088237146,0.042752624453257004,-0.8162596228018036,-0.7985388843704576,0.5170506351797777,1,0.5,-0.8162596228018036,Treatment
1921,0.8931741293871599,0.5815086461383112,1.860233063523539,1.474682775525471,0.7195511536401239,1,0.5,1.860233063523539,Treatment
1925,1.732960805064097,1.5653233958737338,7.41609717034032,3.2982842009378306,0.9412464499681927,1,0.5,7.41609717034032,Treatment
1927,0.2852933339012991,0.34368517016781536,0.6933749113717671,0.6289785040691145,0.6344584674727157,1,0.5,0.6933749113717671,Treatment
1929,0.7991044863445177,0.6577128204672318,1.9931332049920556,1.4568173068117494,0.7446386586607512,1,0.5,1.9931332049920556,Treatment
1935,1.383023465449146,-0.929047889527259,2.6447594827556244,0.453975575921887,0.1764321342456438,0,0.5,0.453975575921887,Control
1940,-0.6589389191988648,0.8264022986696231,1.1201437486288206,0.1674633794707583,0.7957120400411444,0,0.5,0.1674633794707583,Control
1941,1.0429668504298195,-0.5684625428666592,1.4050349042813466,0.4745043075631603,0.28486046646177215,0,0.5,0.4745043075631603,Control
1942,0.6124278888853829,1.5334497330561787,6.082088923033604,2.145877621941562,0.9374174585215366,0,0.5,2.145877621941562,Control
1943,0.3806153982707582,1.3467835092743372,4.681658794614524,1.7273989075450955,0.9109750163224655,1,0.5,4.681658794614524,Treatment
1944,-0.27167965273066524,-0.32211167070720215,-0.22522363127269626,-0.5937913234378673,0.37368404857593435,1,0.5,-0.22522363127269626,Treatment
1945,0.3121995653993463,1.4332100149087998,5.136986466523512,1.7454095803081462,0.9241010857677016,1,0.5,5.136986466523512,Treatment
1947,0.19944345528495577,0.9174014091808254,2.341394851009297,1.1168448644657811,0.8205338327049951,1,0.5,2.341394851009297,Treatment
1948,0.03397036578325724,0.18229304571896396,0.19157839767773177,0.2162634115022212,0.5723236220190164,1,0.5,0.19157839767773177,Treatment
1949,0.14519778344288314,0.6330951366139036,1.2633642557581894,0.7782929200567867,0.7366642409903034,1,0.5,1.2633642557581894,Treatment
1950,0.14078132151456857,0.5642529507448025,1.0596705817354029,0.7050342722593711,0.7137090018624419,0,0.5,0.7050342722593711,Control
1951,-1.2114369621054113,-0.36730560303716986,-1.1252629515789982,-1.5787425651425813,0.35669553756460626,1,0.5,-1.1252629515789982,Treatment
1954,0.1988644844548167,1.0530036282889714,2.942999580978779,1.251868112743788,0.8538303354109111,0,0.5,1.251868112743788,Control
1957,-1.0007805886931058,0.6666089506576772,0.2212588728295919,-0.3341716380354286,0.7474890248344159,1,0.5,0.2212588728295919,Treatment
1963,-1.0982135543442306,0.42179890032890427,-0.5314854795424326,-0.6764146540153264,0.663414095780831,1,0.5,-0.5314854795424326,Treatment
1964,1.0888902508068872,0.8315785559724886,2.8877253182997107,1.9204688067793758,0.7971765648393662,0,0.5,1.9204688067793758,Control
1965,-1.7328662814549112,-0.685501908379086,-1.1357915028617165,-2.418368189833997,0.24651362840351948,1,0.5,-1.1357915028617165,Treatment
1970,0.5389316334532956,-1.1249080292876397,2.5073137675210786,-0.585976395834344,0.13031400459096318,0,0.5,-0.585976395834344,Control
1972,-0.6084311066167343,2.506253198663252,13.207305684334457,1.8978220920465179,0.9938990896102529,1,0.5,13.207305684334457,Treatment
1974,-0.8969209925061488,2.5926075156499224,13.84261022572774,1.6956865231437737,0.9952374298230549,1,0.5,13.84261022572774,Treatment
1975,-1.753426830197103,0.12932979439851341,-1.6553095415595227,-1.6240970357985896,0.5514516515594886,0,0.5,-1.6240970357985896,Control
1976,1.4390789431709237,-0.013245517698771171,1.432807071799755,1.4258334254721525,0.4947159574733029,1,0.5,1.432807071799755,Treatment
1980,0.6863471024883936,-0.70890474738304,1.336986610521297,-0.0225576448946464,0.23919179443392746,0,0.5,-0.0225576448946464,Control
1981,0.8288804421005214,1.9959008586338856,9.794071346408428,2.824781300734407,0.977027642378888,1,0.5,9.794071346408428,Treatment
1982,0.4820998428891943,0.6286024109393543,1.5866830304364092,1.1107022538285487,0.7351953092272491,0,0.5,1.1107022538285487,Control
1985,-0.7547456120476507,0.19833137122220093,-0.5769092608147932,-0.5564142408254498,0.5786070957584701,1,0.5,-0.5769092608147932,Treatment
1987,1.4227118519058204,0.8696255334246165,3.370021755386226,2.2923373853304367,0.8077474603232588,1,0.5,3.370021755386226,Treatment
1988,0.7944406407488059,0.32374653228565586,1.1659375412256083,1.1181871730344617,0.6269350306056135,0,0.5,1.1181871730344617,Control
1989,0.6157364379360654,0.3414645641206416,1.0196648170965856,0.957201002056707,0.6336230613781031,0,0.5,0.957201002056707,Control
1997,0.3646346533427589,0.547352829561887,1.2375013081825106,0.9119874829046459,0.7079318222419834,1,0.5,1.2375013081825106,Treatment
1998,0.7889626285922011,-0.19503953012197053,0.767523700151614,0.5939230984702306,0.4226810006326267,1,0.5,0.767523700151614,Treatment
2003,0.5472314778811598,0.7185350607173027,1.939084275199847,1.2657665385984624,0.7637862810550589,1,0.5,1.939084275199847,Treatment
2005,-0.36491545869000275,0.85118153505943,1.5096953200919674,0.4862660763694272,0.8026657408137021,0,0.5,0.4862660763694272,Control
2006,-1.7168343364345344,-0.37466536132226635,-1.6234187511461788,-2.0914996977568006,0.353954678229976,0,0.5,-2.0914996977568006,Control
2011,-1.7079565999900246,1.2210436490468355,1.8844604102886162,-0.4869129509431891,0.8889652531708637,1,0.5,1.8844604102886162,Treatment
2013,-0.6170856147267789,3.363086914675889,23.685165033939544,2.7460012999491097,0.9996146195352,0,0.5,2.7460012999491097,Control
2014,-0.05690419755822694,0.24248930726922238,0.18194258435619892,0.18558510971099546,0.5957994793858434,1,0.5,0.18194258435619892,Treatment
2017,-0.16464263919900346,1.8698043500324446,7.762596150617724,1.7051617108334411,0.9692445039600944,0,0.5,1.7051617108334411,Control
2021,-2.286594688135245,-0.36801879177331476,-2.1997284218253212,-2.6546134799085594,0.3564296111070434,1,0.5,-2.1997284218253212,Treatment
2024,2.434881213468077,0.07414940586210354,2.4829521851785343,2.5090306193301806,0.5295542483820203,1,0.5,2.4829521851785343,Treatment
2025,-0.03146695416624215,0.4502193219794843,0.5990375825908331,0.4187523678132421,0.6737238472966631,1,0.5,0.5990375825908331,Treatment
2026,-1.6165965263477247,0.9883037935045741,0.831044146915626,-0.6282927328431506,0.8384980559386106,0,0.5,-0.6282927328431506,Control
2027,1.098785119332847,0.9068412672504392,3.196927920934832,2.005626386583286,0.8177546282019766,0,0.5,2.005626386583286,Control
2028,0.5212128219761983,3.4270666230882783,25.72431741169173,3.9482794450644767,0.9996949303227347,0,0.5,3.9482794450644767,Control
2029,-0.17992558386375226,1.043417043815505,2.5192211926933754,0.8634914599517528,0.851622408422443,0,0.5,0.8634914599517528,Control
2032,-0.4041547219037897,1.6862183271792321,6.125618935516083,1.2820636052754424,0.9541231224184051,1,0.5,6.125618935516083,Treatment
2034,-0.6284910662445296,0.33764758330183753,-0.23165549357446813,-0.290843482942692,0.6321856102220943,1,0.5,-0.23165549357446813,Treatment
2037,0.03248070529423779,0.9952207660329783,2.511019834597263,1.0277014713272161,0.8401855479374133,1,0.5,2.511019834597263,Treatment
2038,-3.3014709232512036,-0.3097981840635872,-3.2644201855848047,-3.611269107314791,0.3783572163157495,1,0.5,-3.2644201855848047,Treatment
2039,-0.6842788866416708,0.9732578364088571,1.6968116638252568,0.2889789497671863,0.8347874138633301,0,0.5,0.2889789497671863,Control
2041,-0.9392920112378751,0.3933269703166704,-0.4332163149225581,-0.5459650409212047,0.6529609996230862,0,0.5,-0.5459650409212047,Control
2043,-1.5035562106532223,0.21495178283494162,-1.3036717813479117,-1.2886044278182807,0.5850975442475133,0,0.5,-1.2886044278182807,Control
2044,-0.20037435365235012,-0.47366654825789795,0.011512370095804053,-0.674040901910248,0.31786885573225293,1,0.5,0.011512370095804053,Treatment
2045,-0.3940014684080112,0.2807110853816624,-0.09604849880487809,-0.1132903830263488,0.610533997205813,0,0.5,-0.1132903830263488,Control
2047,-0.8524074358263418,1.945831575133306,7.693029389311835,1.0934241393069641,0.9741625127902953,1,0.5,7.693029389311835,Treatment
2049,1.4041557790870578,0.47158726186170297,2.084738501118346,1.8757430409487608,0.6813892896683519,1,0.5,2.084738501118346,Treatment
2053,0.8378506552280774,0.5806754538949924,1.8025563476878848,1.4185261091230699,0.7192703959843717,1,0.5,1.8025563476878848,Treatment
2059,-0.842216650038301,0.47972065976502004,-0.14209249734501883,-0.362495990273281,0.6842869822865044,1,0.5,-0.14209249734501883,Treatment
2064,-0.15356527405880183,0.25351004882651246,0.10172444006649584,0.09994477476771063,0.6000629515513075,0,0.5,0.09994477476771063,Control
2065,0.9327773325900481,-0.1496099448499604,0.9027386313610843,0.7831673877400878,0.440536180821844,0,0.5,0.7831673877400878,Control
2067,-1.2540101993249446,0.6140782150180722,-0.19278698349634493,-0.6399319843068724,0.7304181783988539,1,0.5,-0.19278698349634493,Treatment
2068,-0.9203518928436729,0.39415741740969135,-0.412553044740672,-0.5261944754339816,0.6532675889660136,0,0.5,-0.5261944754339816,Control
2069,0.10990291835523587,0.9485146630021379,2.383520381716423,1.0584175813573737,0.828566244145879,1,0.5,2.383520381716423,Treatment
2070,0.28200600558773453,-0.30272867252761626,0.31393096766459183,-0.02072266693988173,0.38104832248330434,0,0.5,-0.02072266693988173,Control
2073,0.6221038780463971,1.5212603996205045,6.011200484763725,2.1433642776669015,0.9359027481764228,1,0.5,6.011200484763725,Treatment
2074,-0.5204684795766531,-0.025458431679174484,-0.531901431929114,-0.5459269112558276,0.4898446522228576,0,0.5,-0.5459269112558276,Control
2078,-0.22385494589348306,1.0251775400533614,2.3907118013929205,0.8013225941598783,0.8473602880860361,0,0.5,0.8013225941598783,Control
2087,0.8677293280823185,-0.5968767539089517,1.281814669841617,0.27085257417336683,0.2752948342519403,0,0.5,0.27085257417336683,Control
2091,1.191891173103103,1.8616720239917097,9.054372634925736,3.053563197094813,0.968675332867083,1,0.5,9.054372634925736,Treatment
2092,0.6033933913308712,1.2179327423828108,4.179080092458505,1.821326133713682,0.8883752337647857,0,0.5,1.821326133713682,Control
2096,0.8404830380991049,2.1201067688904818,10.890241845534824,2.960589806989587,0.9830014788713362,1,0.5,10.890241845534824,Treatment
2098,0.3908669959290445,-1.2530284054188148,2.9045131627924725,-0.8621614094897703,0.10509768465923792,0,0.5,-0.8621614094897703,Control
2099,0.12340288470199381,-0.6582051103292299,0.6607682640644063,-0.5348022256272361,0.2552031707460416,0,0.5,-0.5348022256272361,Control
2100,0.6795562607029958,0.2858516709212054,0.9859044517004887,0.9654079316242012,0.6125041345844383,1,0.5,0.9859044517004887,Treatment
2101,-0.4249385490376862,2.007841801151617,8.641839748441662,1.5829032521139308,0.9776699473638077,1,0.5,8.641839748441662,Treatment
2104,0.38921776764641675,-0.10122700887642841,0.3590980778603396,0.28799075876998836,0.45968512842629006,0,0.5,0.28799075876998836,Control
2106,0.5157368197297748,-0.13735973361696158,0.4847923457599393,0.37837708611281323,0.4453732286101374,0,0.5,0.37837708611281323,Control
2107,-1.268446194163676,1.0652758606150152,1.5338170545619543,-0.20317033354866076,0.8566244433922117,1,0.5,1.5338170545619543,Treatment
2108,-0.1264802820142997,2.1907426251438764,10.567597529802205,2.0642623431295766,0.985764788676381,1,0.5,10.567597529802205,Treatment
2110,1.6122856944873933,-0.3761294633200125,1.7071677091821884,1.2361562311673808,0.35341032565963865,1,0.5,1.7071677091821884,Treatment
2111,-0.006294620472449889,-0.0729792663652551,-0.03213230701665573,-0.07927388683770499,0.4709113082757205,0,0.5,-0.07927388683770499,Control
2112,-0.3356354315533222,0.4580384766778483,0.3129822990203295,0.1224030451245261,0.6765376008328099,0,0.5,0.1224030451245261,Control
2115,0.8089072921624567,0.6754502731108128,2.059098571608806,1.4843575652732697,0.7503051327801302,1,0.5,2.059098571608806,Treatment
2116,2.2596991337176204,0.036920966183177514,2.280885932297008,2.2966200999007977,0.5147259887268293,1,0.5,2.280885932297008,Treatment
2117,0.468404512492552,-0.012152408924187211,0.4626236701157797,0.45625210356836476,0.49515200959775396,0,0.5,0.45625210356836476,Control
2118,0.14469363011018982,0.24715074249973537,0.3904359803963985,0.3918443726099252,0.597604217664854,0,0.5,0.3918443726099252,Control
2119,0.25110142029194693,1.35327939244162,4.590471344527077,1.604380812733567,0.9120168049512098,1,0.5,4.590471344527077,Treatment
2121,1.9356265459083943,0.3542314958005843,2.3637021990429252,2.2898580417089787,0.6384172991695609,1,0.5,2.3637021990429252,Treatment
2123,0.8189775760481118,1.1972053190461167,4.284181387475798,2.0161828950942287,0.8843867314150133,0,0.5,2.0161828950942287,Control
2124,0.8948074825955508,-0.9467152992804229,2.2139895487385806,-0.0519078166848721,0.17189193615204867,1,0.5,2.2139895487385806,Treatment
2126,0.7341353588091337,0.5353099245815122,1.5749037518108182,1.2694452833906458,0.7037822176404319,0,0.5,1.2694452833906458,Control
2130,0.19269799216755062,0.1978945219346867,0.3699697367584104,0.39059251410223733,0.578436204857796,1,0.5,0.3699697367584104,Treatment
2131,0.733040164768106,-0.5472642995989222,1.0584044421996426,0.18577586516918376,0.29209858343073014,0,0.5,0.18577586516918376,Control
2132,0.18964190231411548,-1.099211351209586,2.05656741596533,-0.9095694488954705,0.1358379443292871,1,0.5,2.05656741596533,Treatment
2137,-0.9603130043369168,3.0142484085748955,18.71819813714311,2.0539354042379787,0.9987119161002815,0,0.5,2.0539354042379787,Control
2139,1.528051698598499,-0.10766490519368521,1.497402709622387,1.420386793404814,0.4571307546208907,1,0.5,1.497402709622387,Treatment
2140,-0.5018736751733898,0.4618170144758395,0.15558474178328552,-0.04005666069755026,0.6778937257960258,1,0.5,0.15558474178328552,Treatment
2141,-0.9088925974472315,2.3384654707353913,11.197181653563856,1.4295728732881599,0.9903184425673897,1,0.5,11.197181653563856,Treatment
2142,1.2853482990315215,1.5898273401731247,7.1353639122419885,2.875175639204646,0.9440631353204891,0,0.5,2.875175639204646,Control
2143,0.526709105120477,2.0746300997654274,10.172204256708605,2.6013392048859045,0.98098958487963706,0,0.5,2.6013392048859045,Control
2144,-0.6082543679476234,-0.09658721636962167,-0.63788979540037,-0.7048415843172451,0.46152710444206796,1,0.5,-0.63788979540037,Treatment
2145,-0.8719690662716293,2.43190135544762,12.172270016708124,1.5599322891759908,0.9924901013537325,0,0.5,1.5599322891759908,Control
2149,-0.08475495729400871,-0.25016611303257374,-0.08467184559064266,-0.33492107032658247,0.40122944503756425,0,0.5,-0.33492107032658247,Control
2150,0.6484519571324481,0.7038143988114857,1.9910685724869368,1.3522663559439336,0.7592258172274494,0,0.5,1.3522663559439336,Control
2152,0.13327752381173283,-0.11370835647681883,0.10228252623864204,0.019569167334913998,0.45473449399017846,1,0.5,0.10228252623864204,Treatment
2154,-0.7642712543192359,0.5555124700980721,0.1306731895987231,-0.20875878422116378,0.7107279084838286,1,0.5,0.1306731895987231,Treatment
2155,1.0474535724936593,0.8993711373004192,3.1148760263619675,1.9468247097940785,0.8157724962140435,1,0.5,3.1148760263619675,Treatment
2157,0.38729460594235476,0.6774168693852389,1.64379027049037,1.0647114753275937,0.7509292509586857,1,0.5,1.64379027049037,Treatment
2158,-0.8356823263013515,2.1354672449213457,9.352492004423244,1.2997849186199941,0.983638568512216,1,0.5,9.352492004423244,Treatment
2161,-0.6623618890904255,0.38429091671337134,-0.17485741339693317,-0.27807097237705414,0.6496185802348051,1,0.5,-0.17485741339693317,Treatment
2163,0.8547993396899375,1.2981392049807827,4.8741997331966065,2.1529385446707203,0.9028802477721163,1,0.5,4.8741997331966065,Treatment
2164,-0.7051930797389276,0.6467597588892338,0.4547831711426087,-0.05843332084969388,0.7411062798814622,1,0.5,0.4547831711426087,Treatment
2165,0.12330173822851719,1.3938781530878506,4.706033426083637,1.5171798913163677,0.918322798723225,0,0.5,1.5171798913163677,Control
2166,-1.513070842740376,0.9603550186492873,0.8116701902740138,-0.5527158240910888,0.831561715743024,0,0.5,-0.5527158240910888,Control
2172,1.7221152982606667,1.424037696913294,6.48990087117755,3.146152995173961,0.9227822200140724,0,0.5,3.146152995173961,Control
2178,1.0145539030209172,1.0202406526699417,3.606456208076665,2.034794555690859,0.8461928290607422,0,0.5,2.034794555690859,Control
2179,-0.7672278630591082,1.1120285645104546,2.2620014757704836,0.34480070145134645,0.8669370655299988,1,0.5,2.2620014757704836,Treatment
2180,-0.03440786013060039,-0.09007157711308099,-0.06321787067986549,-0.12447943724368138,0.4641151677841701,0,0.5,-0.12447943724368138,Control
2182,1.6167115375606163,2.0385781891791295,10.9476026989439,3.6552897267397455,0.9792539280682315,1,0.5,10.9476026989439,Treatment
2184,0.5687186561877944,0.7426119626874662,2.042969691784589,1.3113306188752607,0.7711416780813773,1,0.5,2.042969691784589,Treatment
2190,1.378458097810577,-0.0015816467901436084,1.3776722776286427,1.3768764510204334,0.4993690144858301,1,0.5,1.3776722776286427,Treatment
2191,-0.22840439078652353,0.8208537877977747,1.5296243849962723,0.5924493970112512,0.794135221780218,0,0.5,0.5924493970112512,Control
2192,0.10861323809453238,0.9982262636930961,2.600637716994438,1.1068395017876285,0.8409151731725087,0,0.5,1.1068395017876285,Control
2193,0.9820684138678482,1.6674768378342095,7.376764842212102,2.6495452517020577,0.9522901868404247,1,0.5,7.376764842212102,Treatment
2194,-0.4061020715092212,0.243214162871789,-0.16618873203047646,-0.16288790863743216,0.5960802520814976,1,0.5,-0.16618873203047646,Treatment
2195,-0.22766758601547074,1.5716949002552798,5.498629583089076,1.3440273142398091,0.9419893372677924,0,0.5,1.3440273142398091,Control
2196,0.47211339572102723,1.7659578186861544,7.592306339821625,2.2380712144071815,0.9612985370834299,1,0.5,7.592306339821625,Treatment
2199,-0.08683301843908041,-0.1258345458354565,-0.11808162550557745,-0.21266756427453692,0.4499314477449609,1,0.5,-0.11808162550557745,Treatment
2200,-0.03364550415678718,1.7171826657050506,6.722378443491546,1.6835371615482635,0.957027099135078,1,0.5,6.722378443491546,Treatment
2203,0.4755914344800391,0.8097849270427634,2.191987154132728,1.2853763615228024,0.7909681014665472,1,0.5,2.191987154132728,Treatment
2208,2.3641011352386725,1.8684938380319878,10.280886499781683,4.23259497327066,0.969153365885732,0,0.5,4.23259497327066,Control
2209,-2.7582133549030012,-0.45869069113451855,-2.566764400203336,-3.21690404603752,0.3232281498898728,0,0.5,-3.21690404603752,Control
2211,0.16437770474587127,1.961635619286478,8.841224120095998,2.1260133240323493,0.975097538891252,0,0.5,2.1260133240323493,Control
2212,-0.07448271285129913,1.45294193089414,4.874068761696554,1.378459218042841,0.926880061229215,0,0.5,1.378459218042841,Control
2215,0.14087024126243222,1.1080076686995854,3.1502360634064055,1.2488779099620178,0.8660707479959117,0,0.5,1.2488779099620178,Control
2216,0.698829242852833,0.1499544700872621,0.8187791640947673,0.848783712940095,0.5595997316994046,1,0.5,0.8187791640947673,Treatment
2217,-0.43243465649878415,0.5093187596347504,0.34103592115035225,0.07688410313596622,0.6947355946943929,0,0.5,0.07688410313596622,Control
2218,1.2214665915375809,-0.2640952604372936,1.228911574489818,0.9573713311002873,0.39585325795447146,1,0.5,1.228911574489818,Treatment
2219,-1.4731746587857733,0.9959735040923549,1.0087385349684124,-0.4772011546934184,0.8403684904461334,1,0.5,1.0087385349684124,Treatment
2220,0.14202785273974516,0.4600751603197215,0.7954037391860408,0.6021030130594667,0.6772688635923498,1,0.5,0.7954037391860408,Treatment
2221,1.468606994335013,0.4695724830508338,2.1443898695374815,1.938179477385847,0.6806697559966345,0,0.5,1.938179477385847,Control
2225,-0.09109929739920669,0.805479279877657,1.6092340831640797,0.7143799824784502,0.7897284207668451,0,0.5,0.7143799824784502,Control
2227,1.3266508802426065,1.563433896894477,6.997018928607146,2.8900847771370834,0.941024713767523,0,0.5,2.8900847771370834,Control
2229,0.846248530098074,-0.9912876669886086,2.315907174051207,-0.1450391368905346,0.1607725667093498,0,0.5,-0.1450391368905346,Control
2231,2.115146135845344,0.13919288814371605,2.2234919001367803,2.25433902398906,0.5553511358815894,0,0.5,2.25433902398906,Control
2233,-2.0586063790062776,0.8481069309757139,-0.19598218078033214,-1.2104994480305638,0.8018107889953086,0,0.5,-1.2104994480305638,Control
2234,-0.47799194066120226,2.3041930990524895,11.292716284307275,1.8262011583912872,0.9893940967892284,0,0.5,1.8262011583912872,Control
2236,0.9013440509870925,0.8099630682059081,2.618405928805104,1.7113071191930005,0.7910192989207236,1,0.5,2.618405928805104,Treatment
2237,-0.7277517480141075,-0.2838082197577626,-0.7085616466888478,-1.01155996777187,0.3882786774917168,1,0.5,-0.7085616466888478,Treatment
2238,0.06994712859509185,0.2683224770183772,0.3481022704508356,0.338269605613469,0.6057744468903946,0,0.5,0.338269605613469,Control
2239,-0.8694538030841964,0.997486565764693,1.6192483775602322,0.12803276268049657,0.8407358042593212,1,0.5,1.6192483775602322,Treatment
2242,0.5271717163077383,-0.29983102825094116,0.557053493186301,0.22734068805679714,0.3821530232103928,1,0.5,0.557053493186301,Treatment
2246,0.8149187348795229,-1.0078389352174426,2.3424779059512586,-0.19292020033791968,0.15676589543948757,1,0.5,2.3424779059512586,Treatment
2249,-0.9322723326085375,0.7569821103668004,0.5922625534056124,-0.17529022224173707,0.7754697098370907,1,0.5,0.5922625534056124,Treatment
2253,2.067797114331186,0.44086018801914384,2.6769426191013075,2.50865730235033,0.6703428914461462,0,0.5,2.50865730235033,Control
2254,-2.5453719735413785,0.6640255812063912,-1.3314992379452115,-1.8813463923349873,0.7466630307643813,0,0.5,-1.8813463923349873,Control
2256,-0.19656485030338613,1.0878048715980329,2.713976462840456,0.8912400212946467,0.8616593707745176,0,0.5,0.8912400212946467,Control
2257,-2.4455100400799936,0.02303777943612272,-2.4329296717992372,-2.422472260643871,0.5091899313468492,1,0.5,-2.4329296717992372,Treatment
2259,-0.31987927018741935,0.8628290901279642,1.6004833524186637,0.5429498199405448,0.8058842787695568,1,0.5,1.6004833524186637,Treatment
2260,-0.7092590496141792,-0.007628731815087564,-0.71295702042351,-0.7168877814292668,0.4969566058528267,1,0.5,-0.71295702042351,Treatment
2264,-0.0323155286219734,0.9146568829945744,2.0982073400940147,0.882341354372601,0.8198141068033573,1,0.5,2.0982073400940147,Treatment
2267,-0.051442154939094605,0.2559849118147885,0.2076068511219497,0.2045427568756939,0.60101875606063,1,0.5,0.2076068511219497,Treatment
2270,-0.1555188368212951,-0.38378050895192856,-0.052834133194456734,-0.5392993457732237,0.3505705677470888,0,0.5,-0.5392993457732237,Control
2272,-0.11358032595848416,-0.11301274583850322,-0.14454293743381952,-0.2265930717969874,0.4550102251178239,1,0.5,-0.14454293743381952,Treatment
2274,1.3923371511460259,0.31772233174939085,1.7530932772052612,1.7100594828954168,0.6246522149864155,0,0.5,1.7100594828954168,Control
2275,0.43342700383468935,0.7002017560271099,1.764092880135141,1.1336287598617991,0.7580993424410969,0,0.5,1.1336287598617991,Control
2284,-1.4545164847671512,0.2328852088272684,-1.2296028393724763,-1.2216312759398829,0.5920747278316937,1,0.5,-1.2296028393724763,Treatment
2286,-0.25282691687851794,0.1732480970753347,-0.10617306206040139,-0.07957881980318324,0.5687717904028073,1,0.5,-0.10617306206040139,Treatment
2288,-1.0836300384924318,3.118972714944313,19.93183791211392,2.035342676451881,0.9990925861681967,0,0.5,2.035342676451881,Control
2295,-0.5770300263318878,0.17417705321651133,-0.4292662079892573,-0.4028529731153765,0.569136840621454,0,0.5,-0.4028529731153765,Control
2297,-1.0450317918872203,-1.162377053664591,1.076020511052435,-2.2074088455518113,0.12254116992758401,0,0.5,-2.2074088455518113,Control
2298,0.7529911649132113,-0.2777021590397324,0.7683770636640027,0.4752890058734789,0.3906205015453752,0,0.5,0.4752890058734789,Control
2299,2.337555188511469,0.7178250275702059,3.7270132427089058,3.055380216081675,0.7635674102063971,0,0.5,3.055380216081675,Control
2300,-1.0056913447959839,-0.3574487517482687,-0.9288765004173274,-1.3631400965442526,0.3603779427310969,0,0.5,-1.3631400965442526,Control
2306,-0.055511271518631417,-0.24690809388840704,-0.057038104807622086,-0.30241936540703845,0.40248967610644393,1,0.5,-0.057038104807622086,Treatment
2309,-0.22781961387519004,1.3477357827350542,4.078831757621276,1.1199161688598642,0.9111283106009617,0,0.5,1.1199161688598642,Control
2312,0.010797691350564081,1.248329531029808,3.7516156929476683,1.259127222380372,0.8940447980762509,0,0.5,1.259127222380372,Control
2315,-0.9980260606502551,0.41200069222409835,-0.45253657375193346,-0.5860253684261567,0.6598305420714922,0,0.5,-0.5860253684261567,Control
2318,2.0913474827640686,0.6585903133024081,3.2881250409668006,2.749937796066477,0.7449205575608524,0,0.5,2.749937796066477,Control
2320,0.9468916571109551,0.38102082452133695,1.4277558068094625,1.327912481632292,0.6484061018622409,0,0.5,1.327912481632292,Control
2321,-1.5234653250628962,-0.42374068175292384,-1.3762233351944928,-1.9472060068158201,0.3358774713668729,1,0.5,-1.3762233351944928,Treatment
2322,0.9924573702144562,1.9934667306594673,9.937009948036481,2.9859241008739237,0.9768948184601439,0,0.5,2.9859241008739237,Control
2323,-2.150168240406565,0.03723283368939168,-2.1287792557527854,-2.1129354067171735,0.5148503203719219,1,0.5,-2.1287792557527854,Treatment
2324,-0.6843288298902435,0.9806827830783891,1.7294900037017005,0.2963539531881456,0.8366254016357512,1,0.5,1.7294900037017005,Treatment
2325,0.7083074630870657,0.8427858209967427,2.5502762537317443,1.5510932840838083,0.8003258803274704,0,0.5,1.5510932840838083,Control
2326,0.9097262641973058,0.6731499923216413,2.152563084683378,1.5828762565189471,0.7495740640416684,1,0.5,2.152563084683378,Treatment
2327,1.8923666818286637,-0.4230606278732532,2.0387969576050597,1.4693060539554106,0.33612551369848254,1,0.5,2.0387969576050597,Treatment
2328,-0.531373843482677,-0.260954467489881,-0.5256566090217628,-0.7923283109725581,0.3970638102899553,1,0.5,-0.5256566090217628,Treatment
2332,-1.0419790828963023,0.29228012260013675,-0.7249836814619319,-0.7496989602961655,0.6149637722662601,1,0.5,-0.7249836814619319,Treatment
2333,0.03143064748948425,-0.9403750316175937,1.3298535318602682,-0.9089443841281095,0.17351261244847993,1,0.5,1.3298535318602682,Treatment
2334,0.11997476209361793,0.9031597592411919,2.2029497431394294,1.0231345213348098,0.8167794442397063,0,0.5,1.0231345213348098,Control
2338,-1.2858146801403336,0.9976048647752304,1.203418684693693,-0.28820981536510326,0.8407644994101179,0,0.5,-0.28820981536510326,Control
2339,0.29971941843315464,-0.31605393478725496,0.34147263042854,-0.016334516354100326,0.37598078529040163,1,0.5,0.34147263042854,Treatment
2341,-1.497552543726915,0.5499535839098713,-0.6176778628613558,-0.9475989598170438,0.70882439489558835,1,0.5,-0.6176778628613558,Treatment
2342,0.019796184450643316,1.5618267736694864,5.679315313187061,1.5816229581201298,0.9408355986565309,1,0.5,5.679315313187061,Treatment
2343,0.5277911956415108,2.7334415916200356,16.837917861048076,3.2612327872615463,0.9968661880679923,1,0.5,16.837917861048076,Treatment
2345,0.7492245954488175,0.4576835031708579,1.3970147251837437,1.2069080986196754,0.6764100791669987,1,0.5,1.3970147251837437,Treatment
2350,-1.7218235128557304,0.17342611352234694,-1.574957222391625,-1.5483973993333835,0.5688417497650756,0,0.5,-1.5483973993333835,Control
2352,1.1636615915197297,0.8747602230274265,3.1314525986154287,2.0384218145471564,0.8091478077807013,1,0.5,3.1314525986154287,Treatment
2355,0.019073237147415975,0.5434289997123616,0.8814178924603525,0.5625022368597775,0.706582768289992,0,0.5,0.5625022368597775,Control
2356,-1.2721257074639167,0.9348681751195986,0.9432653897987797,-0.3372575323443181,0.8250718800425786,1,0.5,0.9432653897987797,Treatment
2359,-1.2256691639527644,0.26387653525035765,-0.954469244616119,-0.9617926287024068,0.6040624714265058,0,0.5,-0.9617926287024068,Control
2362,0.7810491160782904,2.0245804773097427,9.991191572940654,2.805629593388033,0.978544769706078,0,0.5,2.805629593388033,Control
2364,0.6003463237624473,-0.8061743370869588,1.497093278774163,-0.2058280133245115,0.21007116684291935,0,0.5,-0.2058280133245115,Control
2366,1.9214703456977626,0.2615979497514377,2.1891362952017928,2.1830682954492002,0.6031842875745368,1,0.5,2.1891362952017928,Treatment
2367,0.5592273640089767,-0.3367010608514608,0.6176120423402445,0.22252630315751587,0.36817113178870364,0,0.5,0.22252630315751587,Control
2368,0.8126864880675366,0.7084116847484065,2.170586560617892,1.5210981728159432,0.7606551808514137,0,0.5,1.5210981728159432,Control
2369,0.25824664442633843,-0.9700973018007429,1.6553755434481303,-0.7118506573744046,0.1659989969085552,0,0.5,-0.7118506573744046,Control
2370,0.2854559312417006,-0.5628322461054241,0.637600082701142,-0.27737631486372355,0.28677456013436564,0,0.5,-0.27737631486372355,Control
2373,-0.8410125851641818,-0.012401422893871663,-0.8469057060315323,-0.8534140080580535,0.49505267488337135,1,0.5,-0.8469057060315323,Treatment
2376,-0.8802342430061009,1.1770672726161617,2.479274121830079,0.29683302961006086,0.8804156717661654,0,0.5,0.29683302961006086,Control
2378,-1.5075534154500074,1.7234076370069897,5.29441816964152,0.2158542215569823,0.9575925825900303,1,0.5,5.29441816964152,Treatment
2380,-0.7792652812327029,1.0665384473962225,2.029012462014098,0.2872731661635196,0.8569098458571346,0,0.5,0.2872731661635196,Control
2385,1.5132869944853933,-0.15111827568748826,1.4834013231351686,1.362168718797905,0.4399412080730784,1,0.5,1.4834013231351686,Treatment
2388,-0.7824017258366976,0.5239930592110801,0.028732255971615328,-0.25840866662561757,0.6998583162962408,0,0.5,-0.25840866662561757,Control
2392,-1.261326490064492,0.7044072322869498,0.08325622387530451,-0.5569192577775423,0.7594103983363644,1,0.5,0.08325622387530451,Treatment
2394,0.19278225756392656,1.4098640528740725,4.873147579173974,1.602646310437999,0.9207100855925808,0,0.5,1.602646310437999,Control
2397,0.27007791737735526,1.8728279809663502,8.221461200441523,2.1429058983437055,0.9694539286100058,0,0.5,2.1429058983437055,Control
2398,1.4500955301797116,0.19984597068559143,1.6298953395210398,1.6499415008653031,0.5791994764735242,1,0.5,1.6298953395210398,Treatment
2399,2.7742791057542435,0.20730857123339996,2.963887078784611,2.9815876769876435,0.5821155596627382,1,0.5,2.963887078784611,Treatment
2400,-1.20870746258689,0.6468708652026818,-0.04838819748941692,-0.5618365973842083,0.7411422383263944,1,0.5,-0.04838819748941692,Treatment
2403,-0.19653179372086707,-0.5617896594764361,0.15378861953021497,-0.7583214531973032,0.2871296690970724,0,0.5,-0.7583214531973032,Control
2404,-0.44085413869159756,2.022506748545091,8.751466331401822,1.5816526098534935,0.9784379864382491,1,0.5,8.751466331401822,Treatment
2405,0.7941892136868478,0.46789352899017606,1.4659846871236972,1.2620827426770238,0.6800696343642864,0,0.5,1.2620827426770238,Control
2407,-0.3323614288609165,-0.254161731520461,-0.33024592308218925,-0.5865231603813775,0.3996853069157045,1,0.5,-0.33024592308218925,Treatment
2408,-0.8232980857648127,0.9051757815761358,1.2679761961271916,0.08187769581132309,0.8173138649978718,0,0.5,0.08187769581132309,Control
2411,-1.1790012359069255,0.22164628598372757,-0.969923940734301,-0.9573549499231979,0.587705376230617,1,0.5,-0.969923940734301,Treatment
2414,-1.0309019717407821,-0.23093814451690955,-1.0397061908134109,-1.2618401162576918,0.4086814282708841,0,0.5,-1.2618401162576918,Control
2415,-0.20326666283198222,0.254293740332218,0.05321082007842584,0.0510270775002358,0.6003656823060046,0,0.5,0.0510270775002358,Control
2416,-0.5627532646637003,0.6446812035572401,0.590815045554943,0.08192793889353978,0.7404331002057085,0,0.5,0.08192793889353978,Control
2419,0.38189008055329954,0.046718190218160836,0.40961435425690046,0.42860827077146035,0.5186310837614639,0,0.5,0.42860827077146035,Control
2423,0.21491369166950086,-0.1983189629048577,0.19441503231238866,0.016594728764643157,0.42139775804215485,0,0.5,0.016594728764643157,Control
2425,-0.3166275123718093,1.982429202160901,8.534638171869252,1.6658016897890917,0.9762843880374235,0,0.5,1.6658016897890917,Control
2427,-0.639741377326774,-0.1302047287449089,-0.6709371989241579,-0.769946106071683,0.44820222671701593,1,0.5,-0.6709371989241579,Treatment
2428,0.47965803125995476,-0.47299494253586233,0.690608991321031,0.006663088724092436,0.3181083936920027,1,0.5,0.690608991321031,Treatment
2429,2.0621043282996787,0.46307334007138345,2.7225148349051045,2.5251776683710623,0.6783441006251485,0,0.5,2.5251776683710623,Control
2430,-0.609098334169701,-0.2231330878608217,-0.6210881283035016,-0.8322314220305227,0.41171596353329054,1,0.5,-0.6210881283035016,Treatment
2434,0.09349322264577464,-0.6164887920902447,0.5453656881464302,-0.52299556944447,0.2687859834254456,0,0.5,-0.52299556944447,Control
2435,0.40972254449122886,0.929896022243638,2.604083779982129,1.3396185667348668,0.8237875386348665,0,0.5,1.3396185667348668,Control
2437,0.6536370268911271,0.06630910838636286,0.6955853767942974,0.71994613527749,0.5264341341285027,1,0.5,0.6955853767942974,Treatment
2443,0.266997941258822,1.5542940053182561,5.875804653854485,1.821291946577078,0.9399428486003483,1,0.5,5.875804653854485,Treatment
2445,-0.12099446154357883,0.4663113211746085,0.5470536955549431,0.34531685963102965,0.6795036618307267,0,0.5,0.34531685963102965,Control
2446,-0.6736149104485147,0.1519449055173782,-0.5514679490644556,-0.5216700049311366,0.5603848050111996,1,0.5,-0.5514679490644556,Treatment
2450,0.08445685387207505,2.238630592776863,11.226706012093482,2.323087446648938,0.9874100190093805,0,0.5,2.323087446648938,Control
2452,0.9906963350629929,1.06229190878581,3.7787704883994975,2.052988243848803,0.855948406764809,0,0.5,2.052988243848803,Control
2455,-1.2511555527322462,0.7772034285715976,0.34553650032044536,-0.4739521241606486,0.7814806201335867,0,0.5,-0.4739521241606486,Control
2456,0.42517139376713237,1.3401819518542322,4.687437697845888,1.7653533456213646,0.9099069011237015,1,0.5,4.687437697845888,Treatment
2459,0.9824951521904501,1.216587868508506,4.5509611700488435,2.1990830206989562,0.8881194696248601,1,0.5,4.5509611700488435,Treatment
2461,-1.0672550227417126,-0.7457580459670192,-0.32782391947612866,-1.8130130687087318,0.22790679385795096,0,0.5,-1.8130130687087318,Control
2464,-0.5474388666726002,1.6102638189073728,5.443592175745399,1.0628249522347726,0.9463298628277258,1,0.5,5.443592175745399,Treatment
2465,-1.068090179101892,-0.25598961697941625,-1.0650236195890637,-1.3240797960813082,0.3989794273559603,1,0.5,-1.0650236195890637,Treatment
2468,-0.9261721504967629,0.6822839631718055,0.345992643891991,-0.24388818732495743,0.7524702942397161,0,0.5,-0.24388818732495743,Control
2470,-0.5587398538437383,-0.12959378297417304,-0.5899476481597107,-0.6883336368179113,0.44844391111717635,1,0.5,-0.5899476481597107,Treatment
2473,1.0008784835341205,0.77572373803097,2.5922349880390874,1.7766022215650903,0.7810439396218917,0,0.5,1.7766022215650903,Control
2475,-1.087857753334885,1.2585542092086879,2.7093367463032703,0.1706964558738029,0.8959043023285096,1,0.5,2.7093367463032703,Treatment
2476,-1.6132222138120522,0.33247346166207326,-1.2259082775618915,-1.280748752149979,0.6302341122021973,0,0.5,-1.280748752149979,Control
2477,-1.3340152097231055,-0.41769574806459403,-1.193923607852921,-1.7517109577876995,0.3380847907265975,0,0.5,-1.7517109577876995,Control
2479,-0.9777648098428581,0.5965485228424637,0.032249731789424696,-0.38121628700039434,0.7245955757284002,1,0.5,0.032249731789424696,Treatment
2480,-0.24152481918403834,0.5971814702633964,0.7703173327995635,0.35565665107935807,0.7248068854430922,0,0.5,0.35565665107935807,Control
2481,-1.0747219592341053,-0.5168852555490993,-0.7988238522005396,-1.5916072147832045,0.3026181304308603,1,0.5,-0.7988238522005396,Treatment
2482,-0.13371136316396995,0.9380202424039197,2.0950627083570064,0.8043088792399498,0.825882996251768,1,0.5,2.0950627083570064,Treatment
2484,-0.32097714662949334,-0.7283631361473283,0.3758670014935854,-1.0493402827768217,0.23319566154548863,0,0.5,-1.0493402827768217,Control
2489,0.08526663693792533,1.5302415394390476,5.533665744707022,1.615508176376973,0.9370215236074986,1,0.5,5.533665744707022,Treatment
2491,-0.538680298007188,0.32468836164415,-0.16549105281078835,-0.21399193636303798,0.6272915280486191,1,0.5,-0.16549105281078835,Treatment
2492,0.8486246525455567,1.1699362083711078,4.171094220046639,2.0185608609166645,0.8789866793603268,1,0.5,4.171094220046639,Treatment
2494,0.717944088769271,1.5144509001334157,6.062292596665804,2.2323949889026866,0.9350442410350639,0,0.5,2.2323949889026866,Control
2497,1.6129609112764678,0.2270676762598546,1.8296142086104954,1.8400285875363225,0.5898144409059468,0,0.5,1.8400285875363225,Control
2498,0.43182601996168485,0.2159700159339103,0.6330971234936269,0.6477960358955952,0.5854944400858422,0,0.5,0.6477960358955952,Control
2500,0.9878972086378014,1.0728678204003925,3.8264218389393756,2.060765029038194,0.8583347869721082,0,0.5,2.060765029038194,Control
